NeotomaTaxonName,MHVar.2
Abies,Abies
Abies alba,Abies
Abies undiff.,Abies
Acacia,Acacia
Acanthus,Acanthaceae
Acer,Acer
Acer-type,Acer
Acer campestre,Acer
Acer campestre-type,Acer
Acer cf. A. campestre,Acer
Acer negundo,Acer
Acer platanoides,Acer
Acer undiff.,Acer
Achillea,Compositae subfam. Asteroideae
Achillea-type,Compositae subfam. Asteroideae
Aconitum,Aconitum
Aconitum-type,Aconitum
Aconitum group,Aconitum
Aconitum napellus-type,Aconitum
Actaea spicata,Actaea
Adenostyles,Compositae subfam. Asteroideae
Adonis,Adonis
Adonis-type,Adonis
Adonis aestivalis,Adonis
Adonis aestivalis-type,Adonis
Adonis annua-type,Adonis
Adoxa,Adoxa moschatellina
Adoxa moschatellina,Adoxa moschatellina
Aegopodium podagraria,Apiaceae
Aesculus,Aesculus
Aesculus hippocastanum,Aesculus
Aethusa-type,Apiaceae
Aethusa cynapium,Apiaceae
Aethusa cynapium-type,Apiaceae
Agrimonia,Agrimonia/Aremonia
Agrimonia-type,Agrimonia/Aremonia
Agrimonia eupatoria,Agrimonia/Aremonia
Agrimonia eupatoria-type,Agrimonia/Aremonia
Agropyron-type,Poaceae
Agrostemma,Caryophyllaceae (periporate excl. Paronychioideae)
Agrostemma-type,Caryophyllaceae (periporate excl. Paronychioideae)
Agrostemma githago,Caryophyllaceae (periporate excl. Paronychioideae)
Ailanthus,Apiaceae
Alchemilla,Alchemilla/Aphanes
Alchemilla-type,Alchemilla/Aphanes
Alchemilla cf. A. glabra,Alchemilla/Aphanes
Alchemilla group,Alchemilla/Aphanes
Alchemilla pentaphyllea-type,Alchemilla/Aphanes
Alchemilla/Aphanes,Alchemilla/Aphanes
Alkanna,Alkanna-type
Allium,Liliaceae-type
Allium-type,Liliaceae-type
Allium ursinum-type,Liliaceae-type
Allium vineale-type,Liliaceae-type
Alnus,Alnus
Alnus cf. A. viridis,Alnus
Alnus glutinosa,Alnus
Alnus glutinosa-type,Alnus
Alnus glutinosa/A. incana,Alnus
Alnus incana,Alnus
Alnus undiff.,Alnus
Alnus viridis,Alnus
Alnus viridis-type,Alnus
Amaranthaceae,Chenopodiaceae/Amaranthaceae
Amaranthaceae-type,Chenopodiaceae/Amaranthaceae
Ambrosia,Ambrosia/Xanthium
Ambrosia-type,Ambrosia/Xanthium
Ammi,Apiaceae
Ammi-type,Apiaceae
Anagallis,Anagallis-type
Anagallis-type,Anagallis-type
Anagallis arvensis,Anagallis-type
Anagallis arvensis-type,Anagallis-type
Anagallis tenella,Anagallis-type
Anagallis tenella-type,Anagallis-type
Anarrhinum,Anarrhinum bellidifolium
Anchusa,Anchusa arvensis-type
Anchusa-type,Boraginaceae
Anchusa azurea,Boraginaceae
Anchusa azurea-type,Boraginaceae
Anchusa/Pulmonaria,Boraginaceae
Andromeda,Ericales (tetrads)
Andromeda polifolia,Ericales (tetrads)
Andropogon,Poaceae
Androsace,Androsace
Androsace-type,Androsace
Androsace alpina-type,Androsace
Androsace elongata-type,Androsace
Anemone,Ranunculus-type
Anemone-type,Ranunculus-type
Anemone alpina,Ranunculus-type
Anemone montana,Ranunculus-type
Anemone nemorosa,Ranunculus-type
Anemone nemorosa-type,Ranunculus-type
Anemone nemorosa/A. ranunculoides,Ranunculus-type
Anemone pulsatilla group,Ranunculus-type
Anemone sect. Hepatica,Hepatica
Anemone sect. Hepatica-type,Hepatica
Anemone sect. Pulsatilla,Ranunculus-type
Anemone sect. Pulsatilla-type,Ranunculus-type
Anemone subg. Anemone-type,Ranunculus-type
Anethum-type,Apiaceae
Anethum graveolens,Apiaceae
Angelica,Apiaceae
Angelica-type,Apiaceae
Angelica archangelica-type,Apiaceae
Angelica palustris,Apiaceae
Angelica palustris-type,Apiaceae
Angelica sylvestris,Apiaceae
Antennaria-type,Compositae subfam. Asteroideae
Anthemis,Compositae subfam. Asteroideae
Anthemis-type,Compositae subfam. Asteroideae
Anthemis-type (small),Compositae subfam. Asteroideae
Anthericum,Liliaceae-type
Anthericum-type,Liliaceae-type
Anthriscus,Apiaceae
Anthriscus caucalis,Apiaceae
Anthriscus cerefolium,Apiaceae
Anthriscus nitida/sylvestris,Apiaceae
Anthriscus sylvestris,Apiaceae
Anthriscus sylvestris-type,Apiaceae
Anthyllis,Anthyllis
Anthyllis-type,Anthyllis
Anthyllis vulneraria,Anthyllis
Aphanes,Alchemilla/Aphanes
Aphanes-type,Alchemilla/Aphanes
Aphanes arvensis-type,Alchemilla/Aphanes
Apiaceae,Apiaceae
Apiaceae (type 2),Apiaceae
Apiaceae undiff.,Apiaceae
Apium,Apiaceae
Apium-type,Apiaceae
Apium graveolens,Apiaceae
Apium inundatum-type,Apiaceae
Apium nodiflorum,Apiaceae
Aquilegia,Caltha-type
Aquilegia-type,Caltha-type
Araliaceae undiff.,Araliaceae
Arbutus,Ericales (tetrads)
Arbutus unedo,Ericales (tetrads)
Arceuthobium,Arceuthobium oxycedri
Arceuthobium oxycedri,Arceuthobium oxycedri
Arctium,Cynareae
Arctium-type,Cynareae
Arctium lappa,Cynareae
Arctium lappa-type,Cynareae
Arctium/Jurinea,Cynareae
Arctostaphylos,Ericales (tetrads)
Arctostaphylos uva-ursi,Ericales (tetrads)
Arctostaphylos uva-ursi-type,Ericales (tetrads)
Arctous alpina,Ericales (tetrads)
Arenaria,Caryophyllaceae (periporate excl. Paronychioideae)
Arenaria-type,Caryophyllaceae (periporate excl. Paronychioideae)
Arenaria serpyllifolia-type,Caryophyllaceae (periporate excl. Paronychioideae)
Armeria,Plumbaginaceae
Armeria-type,Plumbaginaceae
Armeria (type A),Plumbaginaceae
Armeria (type B),Plumbaginaceae
Armeria alliacea,Plumbaginaceae
Armeria maritima,Plumbaginaceae
Armeria maritima-type,Plumbaginaceae
Armeria maritima (type A),Plumbaginaceae
Armeria maritima (type B),Plumbaginaceae
Armeria maritima subsp. elongata,Plumbaginaceae
Armeria/Limonium,Plumbaginaceae
Arnica,Compositae subfam. Asteroideae
Arnica-type,Compositae subfam. Asteroideae
Arnica montana,Compositae subfam. Asteroideae
Artemisia,Artemisia
Artemisia-type,Artemisia
Artemisia (type B),Artemisia
Artemisia campestris-type,Artemisia
Artemisia cf. A. norvegica,Artemisia
Artemisia herba-alba,Artemisia
Artemisia herba-alba-type,Artemisia
Artemisia norvegica,Artemisia
Artemisia norvegica-type,Artemisia
Artemisia sensu lato,Artemisia
Artemisia sensu stricto,Artemisia
Artemisia undiff.,Artemisia
Artemisia vulgaris-type,Artemisia
Aruncus,Aruncus/Spiraea
Aruncus-type,Aruncus/Spiraea
Aruncus dioicus,Aruncus/Spiraea
Asarum europaeum,Aristolochiaceae
Asparagus,Liliaceae-type
Asparagus-type,Liliaceae-type
Asparagus acutifolius,Liliaceae-type
Asperula-type,Rubiaceae
Asphodeline,Liliaceae-type
Asphodelus,Liliaceae-type
Asphodelus-type,Liliaceae-type
Asphodelus albus,Liliaceae-type
Asphodelus albus-type,Liliaceae-type
Asphodelus fistulosus,Liliaceae-type
Asphodelus fistulosus-type,Liliaceae-type
Aster,Compositae subfam. Asteroideae
Aster-type,Compositae subfam. Asteroideae
Aster/Achillea,Compositae subfam. Asteroideae
Aster/Achillea-type,Compositae subfam. Asteroideae
Asteraceae,Asteraceae
Asteraceae undiff.,Asteraceae
Astragalus,Astragalus-type
Astragalus-type,Astragalus-type
Astragalus alpinus,Astragalus-type
Astragalus alpinus-type,Astragalus-type
Astragalus cf. A. alpinus,Astragalus-type
Astragalus cf. A. glycyphyllos,Astragalus-type
Astragalus danicus-type,Astragalus-type
Astragalus depressus,Astragalus-type
Astragalus frigidus,Astragalus-type
Astragalus/Oxytropis-type,Astragalus-type
Astrantia,Apiaceae
Astrantia-type,Apiaceae
Astrantia major,Apiaceae
Astrantia major-type,Apiaceae
Athamanta cretensis,Apiaceae
Atractylis,Compositae subfam. Asteroideae
Atriplex,Chenopodiaceae/Amaranthaceae
Atriplex-type,Chenopodiaceae/Amaranthaceae
Atropa belladonna,Atropa-type
Avena,Poaceae
Avena-type,Poaceae
Avena sativa,Poaceae
Avena/Triticum,Poaceae
Avena/Triticum-type,Poaceae
Ballota,Galeopsis/Ballota-type
Ballota-type,Galeopsis/Ballota-type
Ballota group,Galeopsis/Ballota-type
Ballota nigra-type,Galeopsis/Ballota-type
Balsaminaceae,Impatiens
Bambusa-type,Poaceae
Barbarea-type,Brassicaceae
Bartsia,Rhinanthus-group
Bartsia-type,Rhinanthus-group
Bellidiastrum-type,Compositae subfam. Asteroideae
Bellis,Compositae subfam. Asteroideae
Bellis-type,Compositae subfam. Asteroideae
Berberis vulgaris,Berberidaceae
Berula-type,Apiaceae
Berula erecta,Apiaceae
Berula erecta-type,Apiaceae
Betula,Betula
Betula (excluding B. nana),Betula
Betula cf. B. nana,Betula
Betula fruticosa,Betula
Betula humilis,Betula
Betula nana,Betula
Betula nana-type,Betula
Betula pendula,Betula
Betula pendula/B. pubescens,Betula
Betula pubescens,Betula
Betula pubescens-type,Betula
Betula sect. Apterocaryon,Betula
Betula sect. Betula,Betula
Betula undiff.,Betula
Betula/Corylus,Betulaceae
Betula/Corylus/Myrica,Betulaceae
Betulaceae,Betulaceae
Bidens,Compositae subfam. Asteroideae
Bidens-type,Compositae subfam. Asteroideae
Bistorta,Polygonum-type (tricolporate)
Bistorta cf. B. vivipara,Polygonum-type (tricolporate)
Bistorta officinalis,Polygonum-type (tricolporate)
Bistorta officinalis-type,Polygonum-type (tricolporate)
Bistorta officinalis/B. vivipara,Polygonum-type (tricolporate)
Bistorta vivipara,Polygonum-type (tricolporate)
Bistorta vivipara-type,Polygonum-type (tricolporate)
Bituminaria bituminosa,Psoralea bituminosa
Blackstonia,Gentianaceae
Blackstonia perfoliata-type,Gentianaceae
Boraginaceae,Boraginaceae
Boraginaceae undiff.,Boraginaceae
Borago,Boraginaceae
Borago officinalis,Boraginaceae
Brassica,Brassicaceae
Brassica-type,Brassicaceae
Brassicaceae,Brassicaceae
Brassicaceae-type,Brassicaceae
Brassicaceae undiff.,Brassicaceae
Bruckenthalia,Bruckenthalia spiculifolia
Bruckenthalia-type,Bruckenthalia spiculifolia
Bryonia,Bryonia
Bryonia dioica,Bryonia
Buglossoides arvensis,Boraginaceae
Buglossoides arvensis-type,Boraginaceae
Bunium-type,Apiaceae
Buphthalmum,Compositae subfam. Asteroideae
Bupleurum,Apiaceae
Bupleurum-type,Apiaceae
Bupleurum ranunculoides,Apiaceae
Buxus,Buxus
Buxus sempervirens,Buxus
Calendula,Compositae subfam. Asteroideae
Calligonum,Calligonum-type
Calluna,Ericales (tetrads)
Calluna vulgaris,Ericales (tetrads)
Calluna vulgaris-type,Ericales (tetrads)
Caltha-type,Caltha-type
Calystegia,Calystegia
Calystegia-type,Calystegia
Calystegia sepium,Calystegia
Calystegia sepium-type,Calystegia
Campanula,Campanulaceae
Campanula-type,Campanulaceae
Campanula rapunculoides,Campanulaceae
Campanula rotundifolia,Campanulaceae
Campanula trachelium-type,Campanulaceae
Campanula/Jasione,Campanulaceae
Campanulaceae,Campanulaceae
Campanulaceae undiff.,Campanulaceae
Cannabaceae,Cannabis/Humulus
Cannabaceae-type,Cannabis/Humulus
Cannabaceae undiff.,Cannabis/Humulus
Cannabis,Cannabis/Humulus
Cannabis-type,Cannabis/Humulus
Cannabis sativa,Cannabis/Humulus
Cannabis sativa-type,Fraxinus
Caprifoliaceae,Caprifoliaceae
Capsella-type,Brassicaceae
Cardamine,Brassicaceae
Cardamine-type,Brassicaceae
Cardamine pratensis-type,Brassicaceae
Carduus,Cynareae
Carduus-type,Cynareae
Carex,Cyperaceae
Carex-type,Cyperaceae
Carex hirta-type,Cyperaceae
Carlina,Cynareae
Carlina-type,Cynareae
Carpinus,Carpinus betulus
Carpinus-type,Carpinus betulus
Carpinus betulus,Carpinus betulus
Carpinus betulus-type,Carpinus betulus
Carpinus orientalis,Ostrya/Carpinus orientalis
Carthamus,Cynareae
Carthamus-type,Cynareae
Carum,Apiaceae
Carum-type,Apiaceae
Carum carvi,Apiaceae
Carum carvi-type,Apiaceae
Carum verticillatum,Apiaceae
Carya,Carya
Carya-type,Carya
Caryophyllaceae,Caryophyllaceae (periporate excl. Paronychioideae)
Caryophyllaceae cf. Silene latifolia subsp. alba,Caryophyllaceae (periporate excl. Paronychioideae)
Caryophyllaceae pro parte,Caryophyllaceae (periporate excl. Paronychioideae)
Caryophyllaceae subf. Silenoideae-type,Caryophyllaceae (periporate excl. Paronychioideae)
Caryophyllaceae undiff.,Caryophyllaceae (periporate excl. Paronychioideae)
Castanea,Castanea sativa
Castanea-type,Castanea sativa
Castanea sativa,Castanea sativa
Caucalis platycarpos,Apiaceae
Cedrus,Cedrus
Cedrus-type,Cedrus
Celastraceae,Celastraceae
Celtis,Celtis
Celtis-type,Celtis
Celtis australis,Celtis
Centaurea,Centaurea
Centaurea-type,Centaurea
Centaurea cf. C. cyanus-type,Centaurea cyanus-type
Centaurea cf. C. kotschyana,Centaurea nigra-type
Centaurea cf. C. nigra-type,Centaurea nigra-type
Centaurea cf. C. scabiosa-type,Centaurea scabiosa-type
Centaurea collina,Centaurea scabiosa-type
Centaurea collina-type,Centaurea scabiosa-type
Centaurea cyanus,Centaurea cyanus-type
Centaurea cyanus-type,Centaurea cyanus-type
Centaurea depressa-type,Centaurea cyanus-type
Centaurea jacea,Centaurea nigra-type
Centaurea jacea-type,Centaurea nigra-type
Centaurea jacea/C. scabiosa-type,Centaurea
Centaurea montana,Centaurea cyanus-type
Centaurea montana-type,Centaurea cyanus-type
Centaurea montana/Cyanus triumfettii,Centaurea cyanus-type
Centaurea nigra,Centaurea nigra-type
Centaurea nigra-type,Centaurea nigra-type
Centaurea nigra-type sensu lato,Centaurea nigra-type
Centaurea scabiosa,Centaurea scabiosa-type
Centaurea scabiosa-type,Centaurea scabiosa-type
Centaurea sinaica,Apiaceae
Centaurea solstitialis,Centaurea nigra-type
Centaurea solstitialis-type,Centaurea nigra-type
Centaurea sphaerocephala,Centaurea nigra-type
Centaurea stoebe,Centaurea nigra-type
Centaurea stoebe-type,Centaurea nigra-type
Centaurea thuillieri,Centaurea nigra-type
Centaurea undiff.,Centaurea
Centaurium,Gentianaceae
Centaurium-type,Gentianaceae
Centaurium pulchellum,Gentianaceae
Centaurium pulchellum-type,Gentianaceae
Centranthus,Valerianaceae
Cerastium,Caryophyllaceae (periporate excl. Paronychioideae)
Cerastium-type,Caryophyllaceae (periporate excl. Paronychioideae)
Cerastium alpinum-type,Caryophyllaceae (periporate excl. Paronychioideae)
Cerastium arvense,Caryophyllaceae (periporate excl. Paronychioideae)
Cerastium arvense-type,Caryophyllaceae (periporate excl. Paronychioideae)
Cerastium cerastoides-type,Caryophyllaceae (periporate excl. Paronychioideae)
Cerastium fontanum,Caryophyllaceae (periporate excl. Paronychioideae)
Cerastium fontanum-type,Caryophyllaceae (periporate excl. Paronychioideae)
Cerastium fontanum group,Caryophyllaceae (periporate excl. Paronychioideae)
Cerastium undiff.,Caryophyllaceae (periporate excl. Paronychioideae)
Ceratonia,Ceratonia siliqua
Ceratonia siliqua,Ceratonia siliqua
Cercis siliquastrum,Cercis siliquastrum
Cerinthe,Boraginaceae
Cerinthe-type,Boraginaceae
cf. Armeria,Plumbaginaceae
cf. Armeria (type A),Plumbaginaceae
cf. Atriplex,Chenopodiaceae/Amaranthaceae
cf. Avena,Poaceae
cf. Cannabis,Cannabis/Humulus
cf. Cannabis sativa,Cannabis/Humulus
cf. Centaurea nigra-type,Centaurea
cf. Centaurium,Gentianaceae
cf. Cerastium,Caryophyllaceae (periporate excl. Paronychioideae)
cf. Empetrum,Ericales (tetrads)
cf. Ephedra fragilis,Ephedra
cf. Epilobium,Onagraceae
cf. Gentiana pneumonanthe,Gentianaceae
cf. Gentianella campestris,Gentianaceae
cf. Glyceria,Poaceae
cf. Hordeum,Poaceae
cf. Humulus,Cannabis/Humulus
cf. Humulus lupulus,Cannabis/Humulus
cf. Ligusticum,Apiaceae
cf. Myrica,Corylus/Myrica
cf. Oxyria digyna,Rumex/Oxyria
cf. Peucedanum,Apiaceae
cf. Prunus,Rosaceae (non-operculate)
cf. Rosa,Rosaceae (non-operculate)
cf. Sagina,Caryophyllaceae (periporate excl. Paronychioideae)
cf. Salix herbacea,Salix
cf. Salix polaris,Salix
cf. Sambucus nigra,Sambucus
cf. Sambucus racemosa,Sambucus
cf. Secale,Poaceae
cf. Silene,Caryophyllaceae (periporate excl. Paronychioideae)
cf. Sorbus,Rosaceae (non-operculate)
cf. Sorbus aucuparia,Rosaceae (non-operculate)
cf. Stellaria,Caryophyllaceae (periporate excl. Paronychioideae)
cf. Taraxacum,Compositae subfam. Cichorioideae
cf. Thymus,Labiatae (6)
cf. Triticum,Poaceae
cf. Triticum turgidum subsp. dicoccon,Poaceae
cf. Vaccinium,Ericales (tetrads)
Chaerophyllum,Apiaceae
Chaerophyllum-type,Apiaceae
Chaerophyllum hirsutum-type,Apiaceae
Chaerophyllum temulum,Apiaceae
Chamaenerion,Onagraceae
Chamaenerion angustifolium,Onagraceae
Chamaenerion angustifolium-type,Onagraceae
Chamaerops,Chamaerops
Chelidonium,Chelidonium majus
Chelidonium-type,Chelidonium majus
Chelidonium majus,Chelidonium majus
Chenopodium,Chenopodiaceae/Amaranthaceae
Chenopodium-type,Chenopodiaceae/Amaranthaceae
Chenopodium album,Chenopodiaceae/Amaranthaceae
Chrysanthemum,Compositae subfam. Asteroideae
Chrysanthemum-type,Compositae subfam. Asteroideae
Chrysosplenium,Chrysosplenium
Chrysosplenium-type,Chrysosplenium
Chrysosplenium alternifolium,Chrysosplenium
Chrysosplenium oppositifolium,Chrysosplenium
Chrysosplenium undiff.,Chrysosplenium
Cichorium,Compositae subfam. Cichorioideae
Cichorium intybus-type,Compositae subfam. Cichorioideae
Cicuta virosa,Apiaceae
Circaea,Onagraceae
Circaea-type,Onagraceae
Circaea lutetiana,Onagraceae
Cirsium,Cynareae
Cirsium-type,Cynareae
Cirsium helenioides,Cynareae
Cirsium/Carduus,Cynareae
Cirsium/Carduus-type,Cynareae
Cistaceae,Cistaceae
Cistaceae undiff.,Cistaceae
Cistus,Cistus
Cistus-type,Cistus
Cistus-type undiff.,Cistus
Cistus albidus-type,Cistus
Cistus incanus-type,Cistus
Cistus ladanifer,Cistus
Cistus ladanifer-type,Cistus
Cistus monspeliensis,Cistus
Cistus monspeliensis-type,Cistus
Cistus salviifolius,Cistus
Cistus undiff.,Cistus
Citrus,Citrus
Clematis,Ranunculus-type
Clematis-type,Ranunculus-type
Colchicum,Liliaceae-type
Colchicum-type,Liliaceae-type
Colchicum autumnale,Liliaceae-type
Colchicum autumnale-type,Liliaceae-type
Colchicum filifolium-type,Liliaceae-type
Colchicum montanum,Liliaceae-type
Comarum-type,Rosaceae (operculate)
Conium-type,Apiaceae
Conium maculatum,Apiaceae
Conium maculatum-type,Apiaceae
Conopodium-type,Apiaceae
Conopodium majus,Apiaceae
Consolida,Consolida-type
Consolida-type,Consolida-type
Consolida regalis-type,Consolida-type
Convallaria,Liliaceae-type
Convallaria-type,Liliaceae-type
Convallaria majalis,Liliaceae-type
Convolvulus,Convolvulus
Convolvulus-type,Convolvulus
Convolvulus arvensis,Convolvulus
Convolvulus arvensis-type,Convolvulus
Corema album,Ericales (tetrads)
Coriaria,Coriaria myrtifolia
Coriaria myrtifolia,Coriaria myrtifolia
Cornaceae,Cornus
Cornus,Cornus
Cornus cf. C. suecica,Cornus
Cornus mas,Cornus
Cornus mas-type,Cornus
Cornus mas/C. suecica,Cornus
Cornus sanguinea,Cornus
Cornus sanguinea-type,Cornus
Cornus subg. Thelycrania,Cornus
Cornus suecica,Cornus
Cornus undiff.,Cornus
Coronilla,Coronilla-type
Coronilla-type,Coronilla-type
Coronilla undiff.,Coronilla-type
Corrigiola,Corrigiola litoralis
Corrigiola litoralis,Corrigiola litoralis
Corydalis,Corydalis
Corydalis cava-type,Corydalis
Corydalis pumila-type,Corydalis
Corydalis solida-type,Corydalis
Corylus,Corylus/Myrica
Corylus-type,Corylus/Myrica
Corylus avellana,Corylus/Myrica
Corylus avellana-type,Corylus/Myrica
Corylus/Myrica,Corylus/Myrica
Cotinus-type,Rhus/Cotinus
Cotinus coggygria,Rhus/Cotinus
Cousinia,Cynareae
Crassula,Crassulaceae
Crassulaceae,Crassulaceae
Crassulaceae undiff.,Crassulaceae
Crataegus,Rosaceae (non-operculate)
Crataegus-type,Rosaceae (non-operculate)
Crataegus monogyna,Rosaceae (non-operculate)
Crepis,Compositae subfam. Cichorioideae
Crepis-type,Compositae subfam. Cichorioideae
Crocus,Liliaceae-type
Crocus vernus,Liliaceae-type
Crupina,Cynareae
Crupina-type,Cynareae
Cryptomeria,Cryptomeria-type
Cupressaceae,Juniperus-type
Cupressaceae-type,Juniperus-type
Cupressus,Juniperus-type
Cuscuta,Cuscuta
Cuscuta-type,Cuscuta
Cuscuta epithymum,Cuscuta
Cuscuta europaea,Cuscuta
Cuscuta europaea-type,Cuscuta
Cuscuta lupuliformis,Cuscuta
Cyanus triumfettii-type,Centaurea cyanus-type
Cyclamen,Cyclamen
Cyclamen hederifolium,Cyclamen
Cyclamen purpurascens,Cyclamen
Cynoglossum,Cynoglossum-type
Cynoglossum-type,Cynoglossum-type
Cynoglossum officinale-type,Cynoglossum-type
Cyperaceae,Cyperaceae
Cyperaceae undiff.,Cyperaceae
Cyperus,Cyperaceae
Cyperus-type,Cyperaceae
Cyperus capitatus,Cyperaceae
Cytisus,Genista-group
Cytisus-type,Genista-group
Cytisus grandiflorus,Genista-group
Cytisus scoparius,Genista-group
Cytisus/Genista-type,Genista-group
Dactylis-type,Poaceae
Daphne,Thymelaeaceae
Daphne-type,Thymelaeaceae
Daphne gnidium-type,Thymelaeaceae
Datisca,Datisca cannabina
Datisca cannabina,Datisca cannabina
Datura,Datura
Datura stramonium,Datura
Daucus,Apiaceae
Daucus-type,Apiaceae
Daucus carota,Apiaceae
Daucus carota-type,Apiaceae
Delphinium,Consolida-type
Delphinium-type,Consolida-type
Delphinium ambiguum,Consolida-type
Descurainia sophia,Brassicaceae
Descurainia sophia-type,Brassicaceae
Dianthus,Caryophyllaceae (periporate excl. Paronychioideae)
Dianthus-type,Caryophyllaceae (periporate excl. Paronychioideae)
Dianthus lusitanus-type,Caryophyllaceae (periporate excl. Paronychioideae)
Dianthus superbus-type,Caryophyllaceae (periporate excl. Paronychioideae)
Diapensia,Diapensia lapponica
Diapensia lapponica,Diapensia lapponica
Dictamnus albus,Dictamnus albus
Digitalis,Scrophulariaceae (colporate-reticulate)
Digitalis-type,Scrophulariaceae (colporate-reticulate)
Digitalis purpurea,Scrophulariaceae (colporate-reticulate)
Digitalis purpurea-type,Scrophulariaceae (colporate-reticulate)
Dioscorea,Tamus communis
Dioscorea communis,Tamus communis
Dipsacus,Dipsacaceae
Dipsacus-type,Dipsacaceae
Dipsacus fullonum,Dipsacaceae
Dipsacus fullonum-type,Dipsacaceae
Doronicum,Compositae subfam. Asteroideae
Dorycnium,Dorycnium
Dorycnium-type,Dorycnium
Draba,Brassicaceae
Draba-type,Brassicaceae
Droseraceae,Drosera
Dryas,Rosaceae (non-operculate)
Dryas-type,Rosaceae (non-operculate)
Dryas octopetala,Rosaceae (non-operculate)
Echinops,Cynareae
Echinops ritro,Cynareae
Echium,Echium/Onosma
Echium-type,Echium/Onosma
Echium vulgare,Echium/Onosma
Echium/Onosma,Echium/Onosma
Elymus,Poaceae
Elymus-type,Poaceae
Empetrum,Ericales (tetrads)
Empetrum-type,Ericales (tetrads)
Empetrum cf. E. nigrum,Ericales (tetrads)
Empetrum nigrum,Ericales (tetrads)
Empetrum nigrum-type,Ericales (tetrads)
Engelhardia-type,Engelhardtia
Ephedra,Ephedra
Ephedra cf. E. foeminea,Ephedra
Ephedra cf. E. fragilis,Ephedra
Ephedra distachya,Ephedra
Ephedra distachya-type,Ephedra
Ephedra distachya subsp. helvetica-type,Ephedra
Ephedra distachya/E. major subsp. major,Ephedra
Ephedra foeminea-type,Ephedra
Ephedra fragilis,Ephedra
Ephedra fragilis-type,Ephedra
Ephedra major,Ephedra
Ephedra strobilacea,Ephedra
Ephedra strobilacea-type,Ephedra
Ephedra undiff.,Ephedra
Epilobium,Onagraceae
Epilobium-type,Onagraceae
Epilobium undiff.,Onagraceae
Epipactis,Orchidaceae
Epipactis palustris,Orchidaceae
Epipactis palustris-type,Orchidaceae
Eranthis hyemalis,Eranthis hyemalis
Erica,Ericales (tetrads)
Erica-type,Ericales (tetrads)
Erica arborea,Ericales (tetrads)
Erica arborea-type,Ericales (tetrads)
Erica australis,Ericales (tetrads)
Erica australis-type,Ericales (tetrads)
Erica cf. E. tetralix,Ericales (tetrads)
Erica ciliaris-type,Ericales (tetrads)
Erica cinerea,Ericales (tetrads)
Erica cinerea/E. tetralix,Ericales (tetrads)
Erica erigena,Ericales (tetrads)
Erica lusitanica,Ericales (tetrads)
Erica multiflora-type,Ericales (tetrads)
Erica scoparia-type,Ericales (tetrads)
Erica tetralix,Ericales (tetrads)
Erica tetralix-type,Ericales (tetrads)
Erica umbellata,Ericales (tetrads)
Erica umbellata-type,Ericales (tetrads)
Erica undiff.,Ericales (tetrads)
Ericaceae,Ericales (tetrads)
Ericaceae-type,Ericales (tetrads)
Ericaceae sensu lato,Ericales (tetrads)
Ericaceae subf. Monotropoideae,Ericales (tetrads)
Ericaceae subf. Vaccinioideae,Ericales (tetrads)
Ericaceae undiff.,Ericales (tetrads)
Ericales,Ericales (tetrads)
Ericales (tetrad),Ericales (tetrads)
Ericales undiff.,Ericales (tetrads)
Erigeron,Compositae subfam. Asteroideae
Erodium,Erodium
Eryngium,Apiaceae
Eryngium-type,Apiaceae
Eryngium campestre,Apiaceae
Eryngium campestre-type,Apiaceae
Eucalyptus,Myrtaceae
Euonymus,Euonymus
Euonymus europaeus,Euonymus
Eupatorium,Compositae subfam. Asteroideae
Eupatorium-type,Compositae subfam. Asteroideae
Eupatorium cannabinum-type,Compositae subfam. Asteroideae
Euphorbia,Euphorbiaceae
Euphorbia-type,Euphorbiaceae
Euphorbia cf. E. palustris,Euphorbiaceae
Euphorbiaceae,Euphorbiaceae
Euphorbiaceae undiff.,Euphorbiaceae
Euphrasia,Rhinanthus-group
Euphrasia-type,Rhinanthus-group
Fabaceae,Fabaceae
Fabaceae pro parte,Fabaceae
Fabaceae undiff.,Fabaceae
Fabaceae: Lotus-type,Lotus-type
Fabaceae: Onobrychis-type,Onobrychis-type
Fagopyrum,Fagopyrum
Fagopyrum-type,Fagopyrum
Fagopyrum esculentum,Fagopyrum
Fagopyrum tataricum,Fagopyrum
Fagopyrum undiff.,Fagopyrum
Fagus,Fagus
Fagus sylvatica,Fagus
Falcaria-type,Apiaceae
Falcaria vulgaris,Apiaceae
Falcaria vulgaris-type,Apiaceae
Fallopia,Polygonum-type (tricolporate)
Fallopia convolvulus,Polygonum-type (tricolporate)
Fallopia convolvulus-type,Polygonum-type (tricolporate)
Fallopia convolvulus/F. dumetorum,Polygonum-type (tricolporate)
Ferula-type,Apiaceae
Festuca-type,Poaceae
Ficaria verna,Ranunculus-type
Ficus,Ficus carica
Ficus carica,Ficus carica
Filago,Compositae subfam. Asteroideae
Filago-type,Compositae subfam. Asteroideae
Filipendula,Filipendula
Filipendula-type,Filipendula
Filipendula ulmaria,Filipendula
Filipendula vulgaris,Filipendula
Foeniculum vulgare,Apiaceae
Frangula,Rhamnaceae
Frangula alnus,Rhamnaceae
Fraxinus,Fraxinus
Fraxinus angustifolia,Fraxinus
Fraxinus angustifolia-type,Fraxinus
Fraxinus excelsior,Fraxinus
Fraxinus excelsior-type,Fraxinus
Fraxinus ornus,Fraxinus
Fraxinus undiff.,Fraxinus
Fritillaria,Liliaceae-type
Fritillaria-type,Liliaceae-type
Fritillaria lusitanica,Liliaceae-type
Fumana,Fumana
Fumana-type,Fumana
Fumaria,Fumaria
Fumaria-type,Fumaria
Gagea,Liliaceae-type
Gagea-type,Liliaceae-type
Gagea nevadensis,Liliaceae-type
Gagea/Tulipa,Liliaceae-type
Galanthus-type,Liliaceae-type
Galega-type,Galega-type
Galeopsis,Galeopsis/Ballota-type
Galeopsis-type,Galeopsis/Ballota-type
Galium,Rubiaceae
Galium-type,Rubiaceae
Galium aparine,Rubiaceae
Genista,Genista-group
Genista-type,Genista-group
Genista/Ulex,Genista-group
Genista/Ulex-type,Genista-group
Gentiana,Gentianaceae
Gentiana-type,Gentianaceae
Gentiana asclepiadea-type,Gentianaceae
Gentiana campestris,Gentianaceae
Gentiana cruciata,Gentianaceae
Gentiana lutea,Gentianaceae
Gentiana lutea-type,Gentianaceae
Gentiana lutea/G. pneumonanthe,Gentianaceae
Gentiana nivalis,Gentianaceae
Gentiana nivalis-type,Gentianaceae
Gentiana pneumonanthe,Gentianaceae
Gentiana pneumonanthe-type,Gentianaceae
Gentiana punctata,Gentianaceae
Gentiana purpurea-type,Gentianaceae
Gentiana verna,Gentianaceae
Gentiana verna-type,Gentianaceae
Gentianaceae,Gentianaceae
Gentianaceae undiff.,Gentianaceae
Gentianella,Gentianaceae
Gentianella-type,Gentianaceae
Gentianella campestris,Gentianaceae
Gentianella campestris-type,Gentianaceae
Gentianella detonsa,Gentianaceae
Gentianella tenella-type,Gentianaceae
Geraniaceae,Geraniaceae
Geranium,Geraniaceae
Geranium-type,Geraniaceae
Geranium phaeum-type,Geraniaceae
Geranium pratense-type,Geraniaceae
Geranium pratense group,Geraniaceae
Geranium sylvaticum,Geraniaceae
Geranium sylvaticum-type,Geraniaceae
Geum,Geum-type
Geum-type,Geum-type
Geum cf. G. rivale,Geum-type
Geum cf. G. urbanum,Geum-type
Geum montanum-type,Geum-type
Geum rivale,Geum-type
Gladiolus,Liliaceae-type
Gladiolus-type,Liliaceae-type
Glaucium,Glaucium
Glaucium-type,Glaucium
Glaux,Anagallis-type
Glaux maritima,Anagallis-type
Glechoma-type,Labiatae (6)
Globularia,Globularia
Glyceria,Poaceae
Glyceria-type,Poaceae
Gnaphalium,Compositae subfam. Asteroideae
Gnaphalium-type,Compositae subfam. Asteroideae
Gossypium,Malvaceae
Gratiola officinalis,Gratiola officinalis
Gypsophila,Caryophyllaceae (periporate excl. Paronychioideae)
Gypsophila-type,Caryophyllaceae (periporate excl. Paronychioideae)
Gypsophila fastigiata,Caryophyllaceae (periporate excl. Paronychioideae)
Gypsophila fastigiata-type,Caryophyllaceae (periporate excl. Paronychioideae)
Gypsophila muralis,Caryophyllaceae (periporate excl. Paronychioideae)
Gypsophila repens-type,Caryophyllaceae (periporate excl. Paronychioideae)
Halimium,Halimium
Halimium-type,Halimium
Halimium halimifolium-type,Halimium
Halimium/Tuberaria,Cistaceae
Halothamnus-type,Chenopodiaceae/Amaranthaceae
Hedera,Hedera
Hedera-type,Hedera
Hedera helix,Hedera
Hedera helix-type,Hedera
Hedysarum,Onobrychis-type
Hedysarum-type,Onobrychis-type
Hedysarum cf. H. hedysaroides,Onobrychis-type
Hedysarum hedysaroides,Onobrychis-type
Hedysarum/Ebenus,Onobrychis-type
Helianthemum,Helianthemum
Helianthemum-type,Helianthemum
Helianthemum canum-type,Helianthemum
Helianthemum cf. H. canum,Helianthemum
Helianthemum nummularium,Helianthemum
Helianthemum nummularium-type,Helianthemum
Helianthemum oelandicum-type,Helianthemum
Helianthemum oelandicum subsp. alpestris-type,Helianthemum
Helianthemum undiff.,Helianthemum
Helianthus-type,Compositae subfam. Asteroideae
Heliotropium,Heliotropium
Heliotropium-type,Heliotropium
Helleborus,Helleborus
Helleborus-type,Helleborus
Helleborus foetidus,Helleborus
Helleborus undiff.,Helleborus
Helleborus viridis,Helleborus
Helleborus viridis-type,Helleborus
Heracleum,Apiaceae
Heracleum-type,Apiaceae
Heracleum sphondylium,Apiaceae
Heracleum sphondylium-type,Apiaceae
Heracleum undiff.,Apiaceae
Herniaria,Caryophyllaceae subfam. Paronychioideae
Herniaria-type,Caryophyllaceae subfam. Paronychioideae
Herniaria glabra-type,Caryophyllaceae subfam. Paronychioideae
Hieracium-type,Compositae subfam. Cichorioideae
Hippocrepis,Coronilla-type
Hippocrepis-type,Coronilla-type
Hippopha�,Hippophae rhamnoides
Hippopha� rhamnoides,Hippophae rhamnoides
Holosteum umbellatum,Caryophyllaceae (periporate excl. Paronychioideae)
Homogyne,Compositae subfam. Asteroideae
Homogyne-type,Compositae subfam. Asteroideae
Homogyne alpina,Compositae subfam. Asteroideae
Hordelymus,Poaceae
Hordeum,Poaceae
Hordeum-type,Poaceae
Hordeum vulgare-type,Poaceae
Hordeum/Secale,Poaceae
Hordeum/Triticum-type,Poaceae
Hornungia,Brassicaceae
Hornungia-type,Brassicaceae
Humulus,Cannabis/Humulus
Humulus-type,Cannabis/Humulus
Humulus lupulus,Cannabis/Humulus
Humulus lupulus-type,Cannabis/Humulus
Humulus/Cannabis,Cannabis/Humulus
Humulus/Cannabis-type,Cannabis/Humulus
Humulus/Urtica,Cannabaceae/Urticaceae
Hyoscyamus,Hyoscyamus
Hypecoum,Hypecoum
Hypericaceae,Hypericum
Hypericum,Hypericum
Hypericum-type,Hypericum
Hypericum androsaemum,Hypericum
Hypericum calycinum-type,Hypericum
Hypericum elodes,Hypericum
Hypericum perforatum,Hypericum
Hypericum perforatum-type,Hypericum
Hypericum perforatum group,Hypericum
Hypericum perforatum/H. androsaemum-type,Hypericum
Hypericum pulchrum-type,Hypericum
Hypericum undiff.,Hypericum
Ilex,Ilex
Ilex-type,Ilex
Ilex aquifolium,Ilex
Ilex aquifolium-type,Ilex
Illecebrum,Caryophyllaceae subfam. Paronychioideae
Impatiens,Impatiens
Impatiens noli-tangere,Impatiens
Impatiens parviflora,Impatiens
Inula,Compositae subfam. Asteroideae
Inula-type,Compositae subfam. Asteroideae
Iridaceae,Liliaceae-type
Iridaceae/Amaryllidaceae,Liliaceae-type
Iris,Liliaceae-type
Iris-type,Liliaceae-type
Iris pseudacorus,Liliaceae-type
Iris pseudacorus-type,Liliaceae-type
Jasione,Campanulaceae
Jasione-type,Campanulaceae
Jasione montana,Campanulaceae
Jasione montana-type,Campanulaceae
Jasminum,Jasminum
Juglandaceae,Juglandaceae
Juglandaceae-type,Juglandaceae
Juglans,Juglans
Juglans-type,Juglans
Juglans nigra,Juglans
Juglans regia,Juglans
Juncaceae,Juncaceae
Juniperus,Juniperus-type
Juniperus-type,Juniperus-type
Juniperus communis,Juniperus-type
Juniperus sabina,Juniperus-type
Jurinea,Cynareae
Jurinea-type,Cynareae
Kickxia,Scrophulariaceae (colporate-reticulate)
Knautia,Dipsacaceae
Knautia-type,Dipsacaceae
Knautia arvensis,Dipsacaceae
Knautia arvensis-type,Dipsacaceae
Knautia/Dipsacus,Dipsacaceae
Koenigia,Koenigia islandica
Koenigia alpina,Polygonum alpinum
Koenigia alpina-type,Polygonum alpinum
Koenigia islandica,Koenigia islandica
Lactuca,Compositae subfam. Cichorioideae
Lactuca-type,Compositae subfam. Cichorioideae
Lactuca sativa-type,Compositae subfam. Cichorioideae
Lamiaceae,Lamiaceae
Lamiaceae (hexacolpate),Labiatae (6)
Lamiaceae pro parte,Lamiaceae
Lamiaceae undiff.,Lamiaceae
Lamium,Lamium album-type
Lamium-type,Lamium album-type
Lamium album,Lamium album-type
Lamium album-type,Lamium album-type
Larix,Larix/Pseudotsuga
Larix-type,Larix/Pseudotsuga
Larix decidua,Larix/Pseudotsuga
Larix decidua-type,Larix/Pseudotsuga
Laserpitium,Apiaceae
Laserpitium latifolium-type,Apiaceae
Laserpitium prutenicum,Apiaceae
Lathraea,Rhinanthus-group
Lathyrus,Lathyrus/Vicia-type
Lathyrus-type,Lathyrus/Vicia-type
Lathyrus palustris,Lathyrus/Vicia-type
Laurus,Laurus
Lavandula,Labiatae (6)
Lavandula-type,Labiatae (6)
Lavandula stoechas-type,Labiatae (6)
Legousia,Campanulaceae
Leontice leontopetalum,Leontice
Leucojum,Liliaceae-type
Levisticum officinale-type,Apiaceae
Ligusticum,Apiaceae
Ligusticum mutellina,Apiaceae
Ligusticum mutellinoides-type,Apiaceae
Ligustrum,Ligustrum-type
Ligustrum-type,Ligustrum-type
Ligustrum vulgare,Ligustrum-type
Ligustrum vulgare-type,Ligustrum-type
Liliaceae,Liliaceae-type
Liliaceae-type,Liliaceae-type
Liliaceae-type undiff.,Liliaceae-type
Liliaceae pro parte,Liliaceae-type
Liliaceae undiff.,Liliaceae-type
Lilium,Liliaceae-type
Lilium-type,Liliaceae-type
Lilium martagon,Liliaceae-type
Lilium martagon-type,Liliaceae-type
Limonium,Plumbaginaceae
Limonium-type,Plumbaginaceae
Limonium vulgare,Plumbaginaceae
Limonium vulgare (type A),Plumbaginaceae
Limosella,Scrophulariaceae (colporate-reticulate)
Linaceae undiff.,Linaceae
Linaria,Scrophulariaceae (colporate-reticulate)
Linaria-type,Scrophulariaceae (colporate-reticulate)
Linnaea borealis,Linnaea borealis
Linum,Linum
Linum alpinum-type,Linum
Linum austriacum-type,Linum
Linum bienne-type,Linum
Linum catharticum,Linum
Linum catharticum-type,Linum
Linum undiff.,Linum
Linum usitatissimum,Linum
Linum usitatissimum-type,Linum
Listera,Orchidaceae
Listera-type,Orchidaceae
Lithospermum,Boraginaceae
Lithospermum-type,Boraginaceae
Lithospermum officinale,Boraginaceae
Lloydia serotina,Liliaceae-type
Lobelia,Lobelia
Lobelia-type,Lobelia
Lobelia dortmanna,Lobelia
Lomelosia graminifolia,Dipsacaceae
Lomelosia rotata-type,Dipsacaceae
Lonicera,Lonicera
Lonicera-type,Lonicera
Lonicera alpigena,Lonicera
Lonicera caerulea,Lonicera
Lonicera nigra,Lonicera
Lonicera nigra-type,Lonicera
Lonicera periclymenum,Lonicera
Lonicera periclymenum-type,Lonicera
Lonicera xylosteum,Lonicera
Lonicera xylosteum-type,Lonicera
Loranthaceae,Loranthaceae
Loranthus,Loranthus europaeus
Loranthus europaeus,Loranthus europaeus
Lotus,Lotus-type
Lotus-type,Lotus-type
Lotus cf. L. corniculatus,Lotus-type
Lotus corniculatus,Lotus-type
Ludwigia palustris,Onagraceae
Luzula,Juncaceae
Lycium,Lycium
Lycium-type,Lycium
Lycopsis arvensis,Anchusa arvensis-type
Lycopsis arvensis-type,Anchusa arvensis-type
Lycopus,Labiatae (6)
Lycopus-type,Labiatae (6)
Lycopus europaeus,Labiatae (6)
Lycopus/Mentha,Labiatae (6)
Lycopus/Mentha longifolia,Labiatae (6)
Lygeum,Poaceae
Lygeum spartum,Poaceae
Lysimachia,Anagallis-type
Lysimachia-type,Anagallis-type
Lysimachia ephemerum,Anagallis-type
Lysimachia nemorum,Anagallis-type
Lysimachia nummularia,Anagallis-type
Lysimachia terrestris/L. thyrsiflora,Anagallis-type
Lysimachia thyrsiflora,Anagallis-type
Lysimachia vulgaris,Anagallis-type
Lysimachia vulgaris-type,Anagallis-type
Lythraceae,Lythrum
Lythraceae undiff.,Lythrum
Lythrum,Lythrum
Lythrum-type,Lythrum
Lythrum portula,Lythrum
Lythrum portula-type,Lythrum
Lythrum salicaria,Lythrum
Lythrum salicaria-type,Lythrum
Lythrum undiff.,Lythrum
Magnolia-type,Magnolia-type
Magnoliaceae undiff.,Magnolia-type
Maianthemum-type,Liliaceae-type
Maianthemum bifolium,Liliaceae-type
Maianthemum/Paris,Liliaceae-type
Malabaila,Apiaceae
Malus,Rosaceae (non-operculate)
Malus-type,Rosaceae (non-operculate)
Malva,Malvaceae
Malva-type,Malvaceae
Malva sylvestris-type,Malvaceae
Malvaceae,Malvaceae
Marrubium,Marrubium
Marrubium-type,Marrubium
Matricaria,Compositae subfam. Asteroideae
Matricaria-type,Compositae subfam. Asteroideae
Matthiola,Brassicaceae
Matthiola-type,Brassicaceae
Medicago,Medicago sativa-type
Medicago falcata-type,Medicago sativa-type
Medicago lupulina-type,Genista-group
Medicago sativa,Medicago sativa-type
Medicago sativa-type,Medicago sativa-type
Melampyrum,Melampyrum
Melampyrum-type,Melampyrum
Melampyrum pratense,Melampyrum
Melilotus,Astragalus-type
Melilotus-type,Astragalus-type
Melilotus officinalis,Astragalus-type
Mentha,Labiatae (6)
Mentha-type,Labiatae (6)
Mercurialis,Mercurialis
Mercurialis-type,Mercurialis
Mercurialis annua,Mercurialis
Mercurialis annua-type,Mercurialis
Mercurialis cf. M. ovata,Mercurialis
Mercurialis perennis,Mercurialis
Mercurialis perennis-type,Mercurialis
Mercurialis undiff.,Mercurialis
Mesembryanthemum,Mesembryanthemum
Meum-type,Apiaceae
Meum athamanticum,Apiaceae
Meum athamanticum-type,Apiaceae
Micranthes cf. M. stellaris,Saxifraga
Micranthes nivalis,Saxifraga
Micranthes nivalis-type,Saxifraga
Micranthes stellaris,Saxifraga
Micranthes stellaris-type,Saxifraga
Microrrhinum minus,Scrophulariaceae (colporate-reticulate)
Minuartia-type,Caryophyllaceae (periporate excl. Paronychioideae)
Minuartia recurva,Caryophyllaceae (periporate excl. Paronychioideae)
Minuartia rubra-type,Caryophyllaceae (periporate excl. Paronychioideae)
Minuartia verna-type,Caryophyllaceae (periporate excl. Paronychioideae)
Moehringia-type,Caryophyllaceae (periporate excl. Paronychioideae)
Moehringia trinervia-type,Caryophyllaceae (periporate excl. Paronychioideae)
Moehringia trinervia group,Caryophyllaceae (periporate excl. Paronychioideae)
Monotropa,Monotropa hypopitys
Monotropa hypopitys,Monotropa hypopitys
Montia,Portulaca/Montia
Montia fontana,Portulaca/Montia
Montia fontana-type,Portulaca/Montia
Moraceae,Urticaceae/Moraceae
Morus,Urticaceae/Moraceae
Morus-type,Urticaceae/Moraceae
Morus alba,Urticaceae/Moraceae
Muscari,Liliaceae-type
Muscari-type,Liliaceae-type
Myosotis,Myosotis-type
Myosotis arvensis,Myosotis-type
Myosotis arvensis-type,Myosotis-type
Myrica,Corylus/Myrica
Myrica-type,Corylus/Myrica
Myrica gale,Corylus/Myrica
Myricaceae,Corylus/Myrica
Myricaria,Myricaria germanica
Myricaria-type,Myricaria germanica
Myricaria germanica,Myricaria germanica
Myricaria germanica-type,Myricaria germanica
Myrrhis-type,Apiaceae
Myrtaceae,Myrtaceae
Myrtus,Myrtaceae
Myrtus communis,Myrtaceae
Myrtus/Eucalyptus,Myrtaceae
Narcissus,Liliaceae-type
Narcissus-type,Liliaceae-type
Narcissus bulbocodium,Liliaceae-type
Narcissus poeticus-type,Liliaceae-type
Narcissus pseudonarcissus-type,Liliaceae-type
Narthecium,Liliaceae-type
Narthecium-type,Liliaceae-type
Narthecium ossifragum,Liliaceae-type
Narthecium ossifragum-type,Liliaceae-type
Neatostema apulum,Boraginaceae
Nerium oleander,Nerium oleander
Nicotiana,Nicotiana
Nigella,Nigella
Nigella-type,Nigella
Nigella arvensis-type,Nigella
Noaea-type,Chenopodiaceae/Amaranthaceae
Nonea,Boraginaceae
Odontites,Odontites-type
Odontites-type,Odontites-type
Odontites/Euphrasia,Rhinanthus-group
Oenanthe fistulosa-type,Apiaceae
Oenothera,Onagraceae
Olea,Olea europaea
Olea-type,Olea europaea
Olea europaea,Olea europaea
Oleaceae,Oleaceae
Oleaceae undiff.,Oleaceae
Onagraceae,Onagraceae
Onobrychis,Onobrychis-type
Onobrychis-type,Onobrychis-type
Onobrychis viciifolia,Onobrychis-type
Ononis,Astragalus-type
Ononis-type,Astragalus-type
Onopordum,Cynareae
Onopordum acanthium,Cynareae
Onosma,Echium/Onosma
Onosma-type,Echium/Onosma
Orchidaceae,Orchidaceae
Origanum/Thymus,Labiatae (6)
Orlaya,Apiaceae
Orlaya grandiflora,Apiaceae
Ornithogalum-type,Liliaceae-type
Ornithogalum umbellatum-type,Liliaceae-type
Ornithopus,Ornithopus
Orthilia,Orthilia
Oryza-type,Poaceae
Ostrya,Ostrya/Carpinus orientalis
Ostrya-type,Ostrya/Carpinus orientalis
Ostrya carpinifolia,Ostrya/Carpinus orientalis
Ostrya carpinifolia/Carpinus orientalis,Ostrya/Carpinus orientalis
Ostrya/Carpinus,Ostrya/Carpinus orientalis
Ostrya/Carpinus orientalis,Ostrya/Carpinus orientalis
Oxalidaceae,Oxalis
Oxalis,Oxalis
Oxalis-type,Oxalis
Oxalis acetosella,Oxalis
Oxyria,Rumex/Oxyria
Oxyria-type,Rumex/Oxyria
Oxyria (type 1),Rumex/Oxyria
Oxyria (type 2),Rumex/Oxyria
Oxyria digyna,Rumex/Oxyria
Oxyria digyna-type,Rumex/Oxyria
Paliurus,Rhamnaceae
Panicum-type,Poaceae
Papaver,Papaver
Papaver-type,Papaver
Papaver argemone,Roemeria-type
Papaver argemone-type,Roemeria-type
Papaver dubium,Papaver
Papaver radicatum-type,Papaver
Papaver rhoeas-type,Papaver
Papaveraceae,Papaver
Papaveraceae undiff.,Papaver
Paradisea liliastrum,Liliaceae-type
Parentucellia-type,Rhinanthus-group
Parietaria,Urticaceae/Moraceae
Paris,Liliaceae-type
Paris-type,Liliaceae-type
Parnassia,Parnassia palustris
Parnassia-type,Parnassia palustris
Parnassia palustris,Parnassia palustris
Paronychia,Caryophyllaceae subfam. Paronychioideae
Paronychia-type,Caryophyllaceae subfam. Paronychioideae
Paronychia polygonifolia-type,Caryophyllaceae subfam. Paronychioideae
Pastinaca sativa,Apiaceae
Pedicularis,Pedicularis
Pedicularis-type,Pedicularis
Pedicularis palustris,Pedicularis
Pedicularis palustris-type,Pedicularis
Pedicularis sylvatica,Pedicularis
Pedicularis verticillata-type,Pedicularis
Pentaglottis sempervirens,Boraginaceae
Penthorum sedoides,Penthorum sedoides
Persicaria,Polygonum (pericolpate/periporate)
Persicaria amphibia,Polygonum (pericolpate/periporate)
Persicaria amphibia-type,Polygonum (pericolpate/periporate)
Persicaria cf. P. maculosa,Polygonum (pericolpate/periporate)
Persicaria lapathifolia,Polygonum (pericolpate/periporate)
Persicaria lapathifolia-type,Polygonum (pericolpate/periporate)
Persicaria maculosa,Polygonum (pericolpate/periporate)
Persicaria maculosa-type,Polygonum (pericolpate/periporate)
Petasites,Compositae subfam. Asteroideae
Petasites-type,Compositae subfam. Asteroideae
Peucedanum,Apiaceae
Peucedanum-type,Apiaceae
Peucedanum palustre,Apiaceae
Peucedanum palustre-type,Apiaceae
Phillyrea,Phillyrea
Phillyrea latifolia,Phillyrea
Phleum-type,Poaceae
Phlomis,Galeopsis/Ballota-type
Physospermum cornubiense,Apiaceae
Phyteuma,Campanulaceae
Phyteuma-type,Campanulaceae
Picea,Picea
Picea abies,Picea
Picea omorika-type,Picea
Pimpinella,Apiaceae
Pimpinella-type,Apiaceae
Pimpinella anisum,Apiaceae
Pimpinella major-type,Apiaceae
Pimpinella major/P. saxifraga,Apiaceae
Pimpinella saxifraga,Apiaceae
Pimpinella saxifraga-type,Apiaceae
Pinguicula,Pinguicula
Pinguicula vulgaris,Pinguicula
Pinus,Pinus
Pinus-type,Pinus
Pinus cembra,Pinus
Pinus cembra-type,Pinus
Pinus halepensis,Pinus
Pinus halepensis-type,Pinus
Pinus halepensis/P. pinea,Pinus
Pinus halepensis/P. pinea-type,Pinus
Pinus maritima-type,Pinus
Pinus mugo,Pinus
Pinus nigra-type,Pinus
Pinus peuce,Pinus
Pinus pinaster,Pinus
Pinus pinaster-type,Pinus
Pinus pinea,Pinus
Pinus pinea-type,Pinus
Pinus subg. Pinus,Pinus
Pinus subg. Pinus-type,Pinus
Pinus subg. Strobus,Pinus
Pinus subg. Strobus-type,Pinus
Pinus sylvestris,Pinus
Pinus sylvestris-type,Pinus
Pinus sylvestris/P. nigra-type,Pinus
Pinus uncinata-type,Pinus
Pinus undiff.,Pinus
Pistacia,Pistacia
Pistacia lentiscus,Pistacia
Pistacia terebinthus,Pistacia
Pisum sativum,Lathyrus/Vicia-type
Plantaginaceae,Plantaginaceae
Plantaginaceae undiff.,Plantaginaceae
Plantago,Plantago
Plantago-type,Plantago
Plantago albicans,Plantago
Plantago alpina,Plantago
Plantago alpina-type,Plantago
Plantago atrata,Plantago
Plantago atrata-type,Plantago
Plantago cf. P. coronopus,Plantago
Plantago cf. P. lanceolata,Plantago
Plantago cf. P. media,Plantago
Plantago coronopus,Plantago
Plantago coronopus-type,Plantago
Plantago coronopus sensu stricto,Plantago
Plantago holosteum-type,Plantago
Plantago lagopus-type,Plantago
Plantago lanceolata,Plantago
Plantago lanceolata-type,Plantago
Plantago major,Plantago
Plantago major-type,Plantago
Plantago major/P. media,Plantago
Plantago major/P. media-type,Plantago
Plantago maritima,Plantago
Plantago maritima-type,Plantago
Plantago maritima sensu lato,Plantago
Plantago maritima sensu stricto,Plantago
Plantago maritima/P. alpina,Plantago
Plantago media,Plantago
Plantago media-type,Plantago
Plantago media/P. montana,Plantago
Plantago ovata-type,Plantago
Plantago pro parte,Plantago
Plantago sp.,Plantago
Plantago tenuiflora,Plantago
Plantago undiff.,Plantago
Platanus,Platanus
Platanus orientalis,Platanus
Platycarya,Platycarya
Pleurospermum,Apiaceae
Pleurospermum-type,Apiaceae
Pleurospermum austriacum,Apiaceae
Pleurospermum austriacum-type,Apiaceae
Plumbaginaceae,Plumbaginaceae
Poaceae,Poaceae
Poaceae (<37 �m),Poaceae
Poaceae (>40 �m),Poaceae
Poaceae (Cerealia-type excluding Secale),Poaceae
Poaceae (Cerealia-type),Poaceae
Poaceae (Cerealia),Poaceae
Poaceae (Cerealia) excluding Secale,Poaceae
Poaceae (Cerealia) undiff.,Poaceae
Poaceae (large),Poaceae
Poaceae pro parte,Poaceae
Poaceae undiff.,Poaceae
Poaceae undiff. (<40 �m),Poaceae
Poaceae undiff. (>40 �m),Poaceae
Podocarpus-type,Podocarpus
Polemoniaceae,Polemoniaceae
Polemonium,Polemoniaceae
Polemonium-type,Polemoniaceae
Polemonium boreale,Polemoniaceae
Polemonium caeruleum,Polemoniaceae
Polycarpon-type,Polycarpon
Polycnemum,Caryophyllaceae
Polygala,Polygala
Polygala vulgaris,Polygala
Polygala vulgaris-type,Polygala
Polygalaceae,Polygala
Polygonaceae,Polygonaceae
Polygonaceae undiff.,Polygonaceae
Polygonatum,Liliaceae-type
Polygonatum-type,Liliaceae-type
Polygonatum verticillatum,Liliaceae-type
Polygonatum verticillatum-type,Liliaceae-type
Polygonum,Polygonum-type (tricolporate)
Polygonum-type sensu lato,Polygonum-type (tricolporate)
Polygonum aviculare,Polygonum-type (tricolporate)
Polygonum aviculare-type,Polygonum-type (tricolporate)
Polygonum aviculare/Bistorta officinalis,Rubus chamaemorus
Polygonum oxyspermum,Polygonum-type (tricolporate)
Polygonum oxyspermum-type,Polygonum-type (tricolporate)
Polygonum oxyspermum subsp. raii,Polygonum oxyspermum ssp. raii
Polygonum sensu lato undiff.,Polygonum-type (tricolporate)
Polygonum sp.,Polygonum-type (tricolporate)
Populus,Populus
Populus balsamifera-type,Populus
Populus tremula,Populus
Populus tremula-type,Populus
Portulaca,Portulaca/Montia
Portulaca oleracea-type,Portulaca/Montia
Potentilla,Rosaceae (operculate)
Potentilla-type,Rosaceae (operculate)
Potentilla erecta,Rosaceae (operculate)
Potentilla recta,Rosaceae (operculate)
Potentilla undiff.,Rosaceae (operculate)
Potentilla/Comarum,Rosaceae (operculate)
Poterium,Sanguisorba-type
Poterium sanguisorba,Sanguisorba-type
Poterium sanguisorba subsp. sanguisorba,Sanguisorba-type
Primula,Primula
Primula clusiana-type,Primula
Primula farinosa,Primula
Primula farinosa-type,Primula
Primula hirsuta-type,Primula
Primula veris-type,Primula
Primula vulgaris,Primula
Primula vulgaris-type,Primula
Primulaceae,Primulaceae
Primulaceae undiff.,Primulaceae
Prunella,Labiatae (6)
Prunella-type,Labiatae (6)
Prunella vulgaris-type,Labiatae (6)
Prunus,Rosaceae (non-operculate)
Prunus-type,Rosaceae (non-operculate)
Prunus avium/P. spinosa,Rosaceae (non-operculate)
Prunus cf. P. padus,Rosaceae (non-operculate)
Prunus padus,Rosaceae (non-operculate)
Prunus spinosa,Rosaceae (non-operculate)
Prunus spinosa-type,Rosaceae (non-operculate)
Prunus/Sorbus,Rosaceae (non-operculate)
Pseudofumaria lutea,Corydalis
Pseudofumaria lutea-type,Corydalis
Psylliostachys spicata,Plumbaginaceae
Pterocarya,Pterocarya
Pterocarya fraxinifolia,Pterocarya
Pulmonaria,Boraginaceae
Pulmonaria-type,Boraginaceae
Pulmonaria obscura,Boraginaceae
Pulmonaria obscura-type,Boraginaceae
Pulmonaria officinalis,Boraginaceae
Punica granatum,Punica granatum
Pyrola,Ericales (tetrads)
Pyrus-type,Rosaceae (non-operculate)
Quercus,Quercus
Quercus (deciduous-type),Quercus
Quercus (deciduous),Quercus
Quercus (evergreen-type),Quercus
Quercus (evergreen),Quercus
Quercus cerris,Quercus
Quercus cerris-type,Quercus
Quercus cerris/Q. suber,Quercus
Quercus cf. Q. suber,Quercus
Quercus coccifera,Quercus
Quercus coccifera-type,Quercus
Quercus frainetto,Quercus
Quercus ilex,Quercus
Quercus ilex-type,Quercus
Quercus ilex/Q. coccifera,Quercus
Quercus ilex/Q. coccifera-type,Quercus
Quercus infectoria subsp. veneris-type,Apiaceae
Quercus pubescens-type,Quercus
Quercus pubescens/Q. robur-type,Quercus
Quercus pyrenaica-type,Quercus
Quercus robur,Quercus
Quercus robur-type,Quercus
Quercus robur group,Quercus
Quercus suber,Quercus
Quercus suber-type,Quercus
Quercus undiff.,Quercus
Radiola,Radiola linoides
Radiola linoides,Radiola linoides
Ranunculaceae,Ranunculaceae
Ranunculaceae (type 1),Ranunculaceae
Ranunculaceae (type 2),Ranunculaceae
Ranunculaceae pro parte,Ranunculaceae
Ranunculaceae undiff.,Ranunculaceae
Ranunculus,Ranunculus-type
Ranunculus-type,Ranunculus-type
Ranunculus aconitifolius,Ranunculus-type
Ranunculus acris,Ranunculus-type
Ranunculus acris-type,Ranunculus-type
Ranunculus acris group,Ranunculus-type
Ranunculus arvensis,Ranunculus arvensis-type
Ranunculus arvensis-type,Ranunculus arvensis-type
Ranunculus asiaticus-type,Ranunculus-type
Ranunculus flammula,Ranunculus-type
Ranunculus flammula-type,Ranunculus-type
Ranunculus flammula group,Ranunculus-type
Ranunculus glacialis-type,Ranunculus-type
Ranunculus lanuginosus,Ranunculus-type
Ranunculus lingua,Ranunculus-type
Ranunculus lingua-type,Ranunculus-type
Ranunculus repens-type,Ranunculus-type
Ranunculus sceleratus-type,Ranunculus-type
Ranunculus sceleratus/R. repens,Ranunculus-type
Ranunculus sect. Batrachium-type,Ranunculus-type
Ranunculus sp.,Ranunculus-type
Ranunculus undiff.,Ranunculus-type
Reseda,Resedaceae
Reseda-type,Resedaceae
Reseda lutea-type,Resedaceae
Reseda luteola,Resedaceae
Reseda/Sesamoides,Resedaceae
Resedaceae,Resedaceae
Rhamnaceae,Rhamnaceae
Rhamnus,Rhamnaceae
Rhamnus-type,Rhamnaceae
Rhamnus cathartica,Rhamnaceae
Rhamnus/Frangula,Rhamnaceae
Rhamnus/Paliurus,Rhamnaceae
Rheum,Rheum
Rhinanthus,Rhinanthus-group
Rhinanthus-type,Rhinanthus-group
Rhinanthus/Veronica,Rhinanthus-group
Rhodiola rosea,Crassulaceae
Rhododendron,Ericales (tetrads)
Rhododendron-type,Ericales (tetrads)
Rhododendron ponticum,Ericales (tetrads)
Rhododendron subsect. Ledum,Ericales (tetrads)
Rhododendron tomentosum,Ericales (tetrads)
Rhus,Rhus/Cotinus
Rhus-type,Rhus/Cotinus
Rhus coriaria,Rhus/Cotinus
Rhus coriaria-type,Rhus/Cotinus
Ribes,Ribes
Ribes-type,Ribes
Ribes alpinum,Ribes
Ribes cf. R. alpinum,Ribes
Ribes cf. R. rubrum,Ribes
Ribes rubrum-type,Ribes
Ricinus communis,Ricinus communis
Roemeria hybrida,Roemeria-type
Rosa,Rosaceae (operculate)
Rosa-type,Rosaceae (operculate)
Rosaceae,Rosaceae
Rosaceae-type,Rosaceae
Rosaceae (trees),Rosaceae (non-operculate)
Rosaceae (type A),Rosaceae
Rosaceae (type B),Rosaceae
Rosaceae pro parte,Rosaceae
Rosaceae undiff.,Rosaceae
Rosmarinus,Labiatae (6)
Rubiaceae,Rubiaceae
Rubiaceae cf. Galium,Rubiaceae
Rubus,Rosaceae (non-operculate)
Rubus-type,Rosaceae (non-operculate)
Rubus arcticus,Rosaceae (non-operculate)
Rubus arcticus-type,Rosaceae (non-operculate)
Rubus chamaemorus,Rubus chamaemorus
Rubus fruticosus,Rosaceae (non-operculate)
Rubus fruticosus-type,Rosaceae (non-operculate)
Rubus idaeus-type,Rosaceae (non-operculate)
Rubus saxatilis,Rosaceae (non-operculate)
Rubus sp.,Rosaceae (non-operculate)
Rubus ulmifolius-type,Rosaceae (non-operculate)
Rubus undiff.,Rosaceae (non-operculate)
Rumex,Rumex/Oxyria
Rumex-type,Rumex/Oxyria
Rumex acetosa,Rumex/Oxyria
Rumex acetosa-type,Rumex/Oxyria
Rumex acetosa/Oxyria-type,Rumex/Oxyria
Rumex acetosa/R. acetosella,Rumex/Oxyria
Rumex acetosa/R. acetosella-type,Rumex/Oxyria
Rumex acetosella,Rumex/Oxyria
Rumex acetosella-type,Rumex/Oxyria
Rumex alpinus,Rumex/Oxyria
Rumex alpinus-type,Rumex/Oxyria
Rumex aquaticus,Rumex aquaticus-type
Rumex aquaticus-type,Rumex aquaticus-type
Rumex cf. R. alpinus,Rumex/Oxyria
Rumex cf. R. hydrolapathum,Rumex aquaticus-type
Rumex cf. R. obtusifolius,Rumex/Oxyria
Rumex conglomeratus,Rumex/Oxyria
Rumex conglomeratus-type,Rumex/Oxyria
Rumex crispus,Rumex/Oxyria
Rumex crispus-type,Rumex/Oxyria
Rumex hydrolapathum,Rumex aquaticus-type
Rumex longifolius,Rumex aquaticus-type
Rumex longifolius-type,Rumex aquaticus-type
Rumex maritimus-type,Rumex/Oxyria
Rumex obtusifolius,Rumex/Oxyria
Rumex obtusifolius-type,Rumex/Oxyria
Rumex sanguineus-type,Rumex/Oxyria
Rumex scutatus,Rumex/Oxyria
Rumex subg. Acetosa,Rumex/Oxyria
Rumex subg. Rumex,Rumex/Oxyria
Rumex subg. Rumex-type,Rumex/Oxyria
Rumex triangulivalvis,Rumex/Oxyria
Rumex undiff.,Rumex/Oxyria
Rumex/Oxyria,Rumex/Oxyria
Rumex/Oxyria digyna,Rumex/Oxyria
Ruta,Ruta
Ruta graveolens,Ruta
Sagina,Caryophyllaceae (periporate excl. Paronychioideae)
Sagina-type,Caryophyllaceae (periporate excl. Paronychioideae)
Sagina cf. S. nodosa,Caryophyllaceae (periporate excl. Paronychioideae)
Sagina nodosa,Caryophyllaceae (periporate excl. Paronychioideae)
Sagina nodosa group,Caryophyllaceae (periporate excl. Paronychioideae)
Salix,Salix
Salix glauca-type,Salix
Salix herbacea,Salix
Salix herbacea-type,Salix
Salix pentandra-type,Salix
Salix polaris-type,Salix
Salix undiff.,Salix
Salvia,Labiatae (6)
Salvia-type,Labiatae (6)
Salvia pratensis-type,Labiatae (6)
Salvia verticillata,Labiatae (6)
Sambucus,Sambucus
Sambucus-type,Sambucus
Sambucus cf. S. ebulus,Sambucus
Sambucus cf. S. nigra,Sambucus
Sambucus cf. S. racemosa,Sambucus
Sambucus ebulus,Sambucus
Sambucus nigra,Sambucus
Sambucus nigra-type,Sambucus
Sambucus nigra/S. racemosa,Sambucus
Sambucus racemosa,Sambucus
Sambucus undiff.,Sambucus
Sanguisorba,Sanguisorba-type
Sanguisorba-type,Sanguisorba-type
Sanguisorba minor-type,Sanguisorba-type
Sanguisorba officinalis,Sanguisorba-type
Sanguisorba officinalis-type,Sanguisorba-type
Sanicula,Apiaceae
Sanicula-type,Apiaceae
Sanicula europaea,Apiaceae
Santalaceae,Santalaceae
Saponaria,Caryophyllaceae (periporate excl. Paronychioideae)
Saponaria officinalis,Caryophyllaceae (periporate excl. Paronychioideae)
Saponaria officinalis-type,Caryophyllaceae (periporate excl. Paronychioideae)
Sarcocapnos,Corydalis
Sarcopoterium,Sanguisorba-type
Sarcopoterium spinosum/Poterium sanguisorba,Sanguisorba-type
Saussurea,Cynareae
Saussurea-type,Cynareae
Saussurea nuda,Cynareae
Saxifraga,Saxifraga
Saxifraga-type,Saxifraga
Saxifraga aizoides,Saxifraga
Saxifraga aizoides-type,Saxifraga
Saxifraga caesia,Saxifraga
Saxifraga cernua-type,Saxifraga
Saxifraga cernua/S. rivularis,Saxifraga
Saxifraga cespitosa-type,Saxifraga
Saxifraga cf. S. aizoides,Saxifraga
Saxifraga cf. S. cespitosa,Saxifraga
Saxifraga cf. S. hirculus,Saxifraga
Saxifraga cf. S. nivalis,Saxifraga
Saxifraga cf. S. oppositifolia,Saxifraga
Saxifraga granulata,Saxifraga
Saxifraga granulata-type,Saxifraga
Saxifraga hirculus,Saxifraga
Saxifraga hirculus-type,Saxifraga
Saxifraga hirsuta,Saxifraga
Saxifraga hirsuta-type,Saxifraga
Saxifraga hypnoides-type,Saxifraga
Saxifraga oppositifolia,Saxifraga
Saxifraga oppositifolia-type,Saxifraga
Saxifraga paniculata-type,Saxifraga
Saxifraga rivularis,Saxifraga
Saxifraga rosacea,Saxifraga
Saxifraga tridactylites,Saxifraga
Saxifraga undiff.,Saxifraga
Saxifragaceae,Saxifragaceae
Saxifragaceae undiff.,Saxifragaceae
Scabiosa,Dipsacaceae
Scabiosa-type,Dipsacaceae
Scabiosa columbaria,Dipsacaceae
Scabiosa columbaria-type,Dipsacaceae
Scandix pecten-veneris,Apiaceae
Scandix pecten-veneris-type,Apiaceae
Sciadopitys,Sciadopitys
Scilla-type,Liliaceae-type
Scleranthus,Caryophyllaceae (periporate excl. Paronychioideae)
Scleranthus-type,Caryophyllaceae (periporate excl. Paronychioideae)
Scleranthus annuus,Caryophyllaceae (periporate excl. Paronychioideae)
Scleranthus annuus-type,Caryophyllaceae (periporate excl. Paronychioideae)
Scleranthus perennis,Caryophyllaceae (periporate excl. Paronychioideae)
Scorzonera-type,Compositae subfam. Cichorioideae
Scorzonera humilis-type,Compositae subfam. Cichorioideae
Scrophularia,Scrophulariaceae (colporate-reticulate)
Scrophularia-type,Scrophulariaceae (colporate-reticulate)
Scrophularia canina-type,Scrophulariaceae (colporate-reticulate)
Scrophularia umbrosa,Scrophulariaceae (colporate-reticulate)
Scrophularia/Verbascum,Scrophulariaceae (colporate-reticulate)
Scrophulariaceae,Scrophulariaceae (colporate-reticulate)
Scrophulariaceae pro parte,Scrophulariaceae (colporate-reticulate)
Scrophulariaceae undiff.,Scrophulariaceae (colporate-reticulate)
Scutellaria,Galeopsis/Ballota-type
Scutellaria-type,Galeopsis/Ballota-type
Secale,Poaceae
Secale-type,Poaceae
Secale cereale,Poaceae
Sedum,Crassulaceae
Sedum-type,Crassulaceae
Sedum acre,Crassulaceae
Sedum acre-type,Crassulaceae
Sedum album-type,Crassulaceae
Sedum/Rhodiola cf. R. rosea,Crassulaceae
Selinum carvifolia,Apiaceae
Selinum carvifolia-type,Apiaceae
Sempervivum,Crassulaceae
Senecio,Compositae subfam. Asteroideae
Senecio-type,Compositae subfam. Asteroideae
Sequoia,Cryptomeria-type
Serratula,Cynareae
Serratula-type,Cynareae
Sesamoides,Resedaceae
Seseli-type,Apiaceae
Seseli libanotis-type,Apiaceae
Sibbaldia,Geum-type
Sideritis,Labiatae (6)
Silaum silaus,Apiaceae
Silaum silaus-type,Apiaceae
Silene,Caryophyllaceae (periporate excl. Paronychioideae)
Silene-type,Caryophyllaceae (periporate excl. Paronychioideae)
Silene acaulis,Caryophyllaceae (periporate excl. Paronychioideae)
Silene acaulis-type,Caryophyllaceae (periporate excl. Paronychioideae)
Silene cf. S. acaulis,Caryophyllaceae (periporate excl. Paronychioideae)
Silene ciliata-type,Caryophyllaceae (periporate excl. Paronychioideae)
Silene dioica,Caryophyllaceae (periporate excl. Paronychioideae)
Silene dioica-type,Caryophyllaceae (periporate excl. Paronychioideae)
Silene flos-cuculi,Caryophyllaceae (periporate excl. Paronychioideae)
Silene flos-cuculi-type,Caryophyllaceae (periporate excl. Paronychioideae)
Silene foetida-type,Caryophyllaceae (periporate excl. Paronychioideae)
Silene latifolia,Caryophyllaceae (periporate excl. Paronychioideae)
Silene nutans,Caryophyllaceae (periporate excl. Paronychioideae)
Silene undiff.,Caryophyllaceae (periporate excl. Paronychioideae)
Silene uniflora subsp. uniflora-type,Caryophyllaceae (periporate excl. Paronychioideae)
Silene viscaria-type,Caryophyllaceae (periporate excl. Paronychioideae)
Silene vulgaris-type,Caryophyllaceae (periporate excl. Paronychioideae)
Silene vulgaris group,Caryophyllaceae (periporate excl. Paronychioideae)
Sinapis,Brassicaceae
Sinapis-type,Brassicaceae
Sison amomum,Apiaceae
Sison segetum-type,Apiaceae
Sium,Apiaceae
Sium-type,Apiaceae
Sium latifolium-type,Apiaceae
Smilax,Liliaceae-type
Solanaceae,Solanaceae
Solanum,Solanum
Solanum dulcamara,Solanum
Solanum nigrum,Solanum
Solanum nigrum-type,Solanum
Soldanella,Soldanella
Solidago,Compositae subfam. Asteroideae
Solidago-type,Compositae subfam. Asteroideae
Solidago virgaurea-type,Compositae subfam. Asteroideae
Sonchus,Compositae subfam. Cichorioideae
Sonchus-type,Compositae subfam. Cichorioideae
Sorbus,Rosaceae (non-operculate)
Sorbus-type,Rosaceae (non-operculate)
Sorbus aria,Rosaceae (non-operculate)
Sorbus aria-type,Rosaceae (non-operculate)
Sorbus aucuparia,Rosaceae (non-operculate)
Sorbus aucuparia-type,Rosaceae (non-operculate)
Sorbus torminalis,Rosaceae (non-operculate)
Spartium,Genista-group
Spartium junceum,Genista-group
Spergula,Spergularia-type
Spergula-type,Spergularia-type
Spergula arvensis,Spergula arvensis-type
Spergula arvensis-type,Spergularia-type
Spergula/Spergularia,Spergularia-type
Spergularia,Spergularia-type
Spergularia-type,Spergularia-type
Spiraea,Aruncus/Spiraea
Spiraea-type,Aruncus/Spiraea
Stachys,Galeopsis/Ballota-type
Stachys-type,Galeopsis/Ballota-type
Stachys sylvatica,Galeopsis/Ballota-type
Stachys sylvatica-type,Galeopsis/Ballota-type
Staphylea,Staphylea pinnata
Staphylea pinnata,Staphylea pinnata
Stellaria,Caryophyllaceae (periporate excl. Paronychioideae)
Stellaria-type,Caryophyllaceae (periporate excl. Paronychioideae)
Stellaria cf. S. holostea,Caryophyllaceae (periporate excl. Paronychioideae)
Stellaria cf. S. media,Caryophyllaceae (periporate excl. Paronychioideae)
Stellaria cf. S. nemorum,Caryophyllaceae (periporate excl. Paronychioideae)
Stellaria cf. S. palustris,Caryophyllaceae (periporate excl. Paronychioideae)
Stellaria graminea,Caryophyllaceae (periporate excl. Paronychioideae)
Stellaria holostea,Caryophyllaceae (periporate excl. Paronychioideae)
Stellaria holostea-type,Caryophyllaceae (periporate excl. Paronychioideae)
Stellaria palustris,Caryophyllaceae (periporate excl. Paronychioideae)
Stellaria undiff.,Caryophyllaceae (periporate excl. Paronychioideae)
Streptopus amplexifolius,Liliaceae-type
Suaeda,Chenopodiaceae/Amaranthaceae
Succisa,Dipsacaceae
Succisa-type,Dipsacaceae
Succisa pratensis,Dipsacaceae
Swertia,Gentianaceae
Swertia perennis,Gentianaceae
Symphytum,Boraginaceae
Symphytum-type,Boraginaceae
Syringa,Ligustrum-type
Syringa vulgaris,Ligustrum-type
Tamarix,Tamarix
Taraxacum,Compositae subfam. Cichorioideae
Taraxacum-type,Compositae subfam. Cichorioideae
Taraxacum officinale group,Compositae subfam. Cichorioideae
Taxodium,Juniperus-type
Taxus,Taxus baccata
Taxus baccata,Taxus baccata
Teucrium,Teucrium
Teucrium-type,Teucrium
Teucrium chamaedrys,Teucrium
Teucrium chamaedrys-type,Teucrium
Thalictrum,Thalictrum
Thalictrum-type,Thalictrum
Thalictrum aquilegiifolium,Thalictrum
Thalictrum flavum-type,Thalictrum
Thalictrum lucidum,Thalictrum
Thalictrum undiff.,Thalictrum
Theligonum,Theligonum cynocrambe
Theligonum cynocrambe,Theligonum cynocrambe
Thesium,Thesium
Thesium-type,Thesium
Thymelaea,Thymelaeaceae
Thymelaeaceae,Thymelaeaceae
Thymus,Labiatae (6)
Thymus-type,Labiatae (6)
Thymus/Mentha,Labiatae (6)
Thymus/Mentha-type,Labiatae (6)
Tilia,Tilia
Tilia cordata,Tilia
Tilia cordata-type,Tilia
Tilia cordata/T. platyphyllos,Tilia
Tilia platyphyllos,Tilia
Tilia platyphyllos-type,Tilia
Tilia undiff.,Tilia
Tofieldia,Tofieldia
Tofieldia pusilla,Tofieldia
Torilis arvensis,Apiaceae
Torilis arvensis-type,Apiaceae
Torilis japonica,Apiaceae
Torilis japonica-type,Apiaceae
Torilis nodosa,Apiaceae
Torilis nodosa-type,Apiaceae
Tozzia alpina,Odontites-type
Tribulus,Tribulus terrestris
Tribulus terrestris,Tribulus terrestris
Trientalis,Trientalis europaea
Trientalis europaea,Trientalis europaea
Trifolium,Trifolium-type
Trifolium-type,Trifolium-type
Trifolium alpinum-type,Trifolium-type
Trifolium arvense,Trifolium-type
Trifolium badium-type,Trifolium-type
Trifolium pratense,Trifolium-type
Trifolium pratense-type,Trifolium-type
Trifolium repens,Trifolium-type
Trifolium repens-type,Trifolium-type
Trifolium spadiceum,Trifolium-type
Trifolium striatum-type,Trifolium-type
Trifolium undiff.,Trifolium-type
Trinia glauca,Apiaceae
Trinia glauca-type,Apiaceae
Triticum,Poaceae
Triticum-type,Poaceae
Trollius,Trollius europaeus
Trollius-type,Trollius europaeus
Trollius europaeus,Trollius europaeus
Trollius europaeus-type,Trollius europaeus
Tsuga,Tsuga
Tsuga-type,Tsuga
Tsuga diversifolia-type,Tsuga
Tuberaria,Tuberaria
Turgenia latifolia,Apiaceae
Turgenia latifolia-type,Apiaceae
Tussilago-type,Compositae subfam. Asteroideae
Tussilago farfara,Compositae subfam. Asteroideae
Ulex,Genista-group
Ulex-type,Genista-group
Ulex/Cytisus-type,Genista-group
Ulex/Cytisus sect. Spartopsis,Genista-group
Ulmaceae,Ulmus/Zelkova
Ulmus,Ulmus/Zelkova
Ulmus glabra,Ulmus/Zelkova
Ulmus glabra-type,Ulmus/Zelkova
Ulmus laevis,Ulmus/Zelkova
Ulmus minor,Ulmus/Zelkova
Ulmus/Zelkova,Ulmus/Zelkova
Umbilicus rupestris,Crassulaceae
Umbilicus rupestris-type,Crassulaceae
Urtica,Urticaceae/Moraceae
Urtica-type,Urticaceae/Moraceae
Urtica cf. U. dioica,Urticaceae/Moraceae
Urtica cf. U. pilulifera,Urticaceae/Moraceae
Urtica dioica,Urticaceae/Moraceae
Urtica dioica-type,Urticaceae/Moraceae
Urtica membranacea-type,Urticaceae/Moraceae
Urtica pilulifera,Urticaceae/Moraceae
Urtica pilulifera-type,Urticaceae/Moraceae
Urtica undiff.,Urticaceae/Moraceae
Urtica urens,Urticaceae/Moraceae
Urtica/Parietaria,Urticaceae/Moraceae
Urticaceae,Urticaceae/Moraceae
Urticalean Rosids,Urticaceae/Moraceae
Vaccinium,Ericales (tetrads)
Vaccinium-type,Ericales (tetrads)
Vaccinium myrtillus,Ericales (tetrads)
Vaccinium oxycoccos,Ericales (tetrads)
Valeriana,Valerianaceae
Valeriana-type,Valerianaceae
Valeriana cf. V. dioica,Valerianaceae
Valeriana dioica,Valerianaceae
Valeriana dioica-type,Valerianaceae
Valeriana dioica subsp. simplicifolia,Valerianaceae
Valeriana excelsa subsp. sambucifolia-type,Valerianaceae
Valeriana montana-type,Valerianaceae
Valeriana officinalis,Valerianaceae
Valeriana officinalis-type,Valerianaceae
Valeriana tripteris,Valerianaceae
Valeriana tripteris-type,Valerianaceae
Valeriana undiff.,Valerianaceae
Valerianella,Valerianaceae
Valerianella dentata,Valerianaceae
Veratrum,Liliaceae-type
Veratrum-type,Liliaceae-type
Veratrum album,Liliaceae-type
Verbascum,Scrophulariaceae (colporate-reticulate)
Verbascum-type,Scrophulariaceae (colporate-reticulate)
Verbascum pulverulentum-type,Scrophulariaceae (colporate-reticulate)
Verbena,Verbena officinalis
Verbena officinalis,Verbena officinalis
Verbenaceae,Verbenaceae
Veronica,Rhinanthus-group
Veronica-type,Rhinanthus-group
Viburnum,Viburnum
Viburnum-type,Viburnum
Viburnum cf. V. opulus,Viburnum
Viburnum lantana,Viburnum
Viburnum lantana-type,Viburnum
Viburnum opulus,Viburnum
Viburnum opulus-type,Viburnum
Viburnum opulus/V. tinus,Viburnum
Viburnum tinus,Viburnum
Viburnum undiff.,Viburnum
Vicia,Lathyrus/Vicia-type
Vicia-type,Lathyrus/Vicia-type
Vicia-type sensu stricto,Lathyrus/Vicia-type
Vicia cf. V. cracca,Lathyrus/Vicia-type
Vicia cracca,Lathyrus/Vicia-type
Vicia cracca-type,Lathyrus/Vicia-type
Vicia faba,Lathyrus/Vicia-type
Vicia sylvatica,Lathyrus/Vicia-type
Vicia sylvatica-type,Lathyrus/Vicia-type
Vicia tetrasperma,Lathyrus/Vicia-type
Vicia/Lathyrus,Lathyrus/Vicia-type
Vicia/Lathyrus-type,Lathyrus/Vicia-type
Vincetoxicum,Vincetoxicum
Viola,Viola
Viola arvensis,Viola
Viola arvensis-type,Viola
Viola canina-type,Viola
Viola odorata-type,Viola
Viola riviniana,Viola
Viola tricolor,Viola
Viola tricolor-type,Viola
Violaceae,Viola
Viscum,Viscum album
Viscum album,Viscum album
Viscum album-type,Viscum album
Viscum album sensu lato,Viscum album
Vitis,Vitis
Vitis vinifera,Vitis
Withania,Withania
Xanthium,Ambrosia/Xanthium
Xanthium-type,Ambrosia/Xanthium
Xanthium spinosum-type,Ambrosia/Xanthium
Xeranthemum,Cynareae
Zea,Poaceae
Zea mays,Poaceae
Zelkova,Ulmus/Zelkova
Ziziphus,Rhamnaceae
Zygophyllum,Zygophyllum
Abies alba|pollen|NISP,Abies
Abies|pollen|NISP,Abies
Aconitum lycoctonum subsp. septentrionale,Aconitum
"Alnus (shrub, pale shallow pores)",Alnus
"Alnus (tree, robust deep pores)",Alnus
Alnus incana-type,Alnus
Althaea officinalis,Malvaceae
Amaranthus,Chenopodiaceae/Amaranthaceae
Amygdaloideae,Rosaceae (non-operculate)
Anagallis cf. A. arvensis,Anagallis-type
Anagallis cf. A. tenella,Anagallis-type
Anemone hortensis-type,Ranunculus-type
Angiospermae undiff. (herbs),Indeterminable: unknown
Anthemideae,Compositae subfam. Asteroideae
Anthericum liliago,Liliaceae-type
Arum/Acorus,Indeterminable: unknown
Asteroideae,Compositae subfam. Asteroideae
Asteroideae pro parte,Compositae subfam. Asteroideae
Asteroideae undiff.,Compositae subfam. Asteroideae
Asteroideae-type,Compositae subfam. Asteroideae
Astragalus danicus,Astragalus-type
Avena/Triticum group,Poaceae
Betula (hybrid),Betula
Betula (tree),Betula
"Betula/Alnus/Corylus/Myrica (type 114, HdV)",Indeterminable: unknown
Betula/Carpinus,Indeterminable: unknown
Bromus,Poaceae
Bryonia alba/Helianthemum,Indeterminable: unknown
Bryonia cretica,Bryonia
Bupleurum rigidum-type,Apiaceae
Calceolaria,Mimulus-type
Campanula medium,Campanulaceae
Cannabaceae cf. Cannabis sativa,Cannabis/Humulus
Cannabaceae sensu stricto,Cannabis/Humulus
Cardueae,Cynareae
Cardueae-type,Cynareae
Carduoideae,Cynareae
Cathaya-type,Cathaya-type
Centaurea cf. C. cyanus,Centaurea cyanus-type
Centaurea sp.,Centaurea
cf. Aconitum,Indeterminable: unknown
cf. Acorus,Indeterminable: unknown
cf. Agrimonia,Indeterminable: unknown
cf. Alchemilla,Indeterminable: unknown
cf. Anthericum,Liliaceae-type
cf. Artemisia,Indeterminable: unknown
cf. Bartsia,Rhinanthus-group
cf. Brassicaceae,Indeterminable: unknown
cf. Campanulaceae,Indeterminable: unknown
cf. Carpinus,Indeterminable: unknown
cf. Cedrus,Coniferae (vesiculate)
cf. Celtis,Indeterminable: unknown
cf. Ceratocapnos claviculata,Corydalis-group
cf. Ceratonia,Indeterminable: unknown
cf. Chelidonium-type,Indeterminable: unknown
cf. Chrysanthemum,Compositae subfam. Asteroideae
cf. Chrysosplenium,Indeterminable: unknown
cf. Cirsium,Compositae subfam. Asteroideae
cf. Convolvulus,Indeterminable: unknown
cf. Cyperaceae-type,Indeterminable: unknown
cf. Daphne,Indeterminable: unknown
cf. Diapensia lapponica,Indeterminable: unknown
cf. Digitalis,Indeterminable: unknown
cf. Dryas,Rosaceae (non-operculate)
cf. Euphorbia,Indeterminable: unknown
cf. Fabaceae,Indeterminable: unknown
cf. Filipendula,Indeterminable: unknown
cf. Frangula,Indeterminable: unknown
cf. Frangula alnus,Indeterminable: unknown
cf. Galeopsis,Lamiaceae (tricolpate)
cf. Geum,Rosaceae
cf. Helianthemum,Compositae subfam. Asteroideae
cf. Herniaria,Indeterminable: unknown
cf. Hippophae rhamnoides,Indeterminable: unknown
cf. Hornungia-type,Brassicaceae
cf. Hypericum,Indeterminable: unknown
cf. Hypericum-type,Indeterminable: unknown
cf. Ilex,Indeterminable: unknown
cf. Juncus,Indeterminable: unknown
cf. Juniperus,Indeterminable: unknown
cf. Larix|pollen|NISP,Indeterminable: unknown
cf. Larix-type,Indeterminable: unknown
cf. Limosella aquatica,Scrophulariaceae (colporate-reticulate)
cf. Lithospermum,Boraginaceae
cf. Littorella,Plantaginaceae
cf. Lobelia,Indeterminable: unknown
cf. Lonicera,Indeterminable: unknown
cf. Lotus,Indeterminable: unknown
cf. Lycopsis arvensis,Indeterminable: unknown
cf. Lysimachia,Indeterminable: unknown
cf. Maianthemum,Liliaceae-type
cf. Melampyrum,Indeterminable: unknown
cf. Mercurialis,Indeterminable: unknown
cf. Montia,Indeterminable: unknown
cf. Myricaria germanica,Indeterminable: unknown
cf. Myrtus,Indeterminable: unknown
cf. Olea,Indeterminable: unknown
cf. Oxyria,Indeterminable: unknown
cf. Oxyria/Rumex acetosa,Indeterminable: unknown
cf. Oxytropis,Fabaceae
cf. Papaver,Indeterminable: unknown
cf. Pedicularis,Indeterminable: unknown
cf. Persicaria amphibia,Indeterminable: unknown
cf. Platanus,Indeterminable: unknown
cf. Polemonium,Indeterminable: unknown
cf. Polygonum,Indeterminable: unknown
cf. Populus,Indeterminable: unknown
cf. Populus tremula,Indeterminable: unknown
cf. Quercus,Indeterminable: unknown
cf. Ranunculus,Ranunculus-type
cf. Rhamnus,Indeterminable: unknown
cf. Rhinanthus,Rhinanthus-group
cf. Rhinanthus-type,Rhinanthus-group
cf. Rubus chamaemorus,Indeterminable: unknown
cf. Ruta,Indeterminable: unknown
cf. Sambucus,Indeterminable: unknown
cf. Samolus,Indeterminable: unknown
cf. Saxifraga granulata,Indeterminable: unknown
cf. Saxifraga oppositifolia-type,Indeterminable: unknown
cf. Saxifraga stellaris-type,Indeterminable: unknown
cf. Scilla/Fritillaria,Liliaceae-type
cf. Scutellaria,Lamiaceae (tricolpate)
cf. Sedum,Indeterminable: unknown
cf. Sedum-type,Indeterminable: unknown
cf. Sinapis,Brassicaceae
cf. Stachys sylvatica,Lamiaceae (tricolpate)
cf. Succisa,Indeterminable: unknown
cf. Taxus,Indeterminable: unknown
cf. Thalictrum,Indeterminable: unknown
cf. Trollius europaeus,Indeterminable: unknown
cf. Urtica,Indeterminable: unknown
cf. Valeriana,Indeterminable: unknown
cf. Veratrum,Liliaceae-type
cf. Veronica,Rhinanthus-group
cf. Viburnum,Indeterminable: unknown
cf. Vicia-type,Fabaceae
cf. Viola,Indeterminable: unknown
cf. Viscum,Indeterminable: unknown
cf. Xanthium,Compositae subfam. Asteroideae
cf. Xanthium-type,Compositae subfam. Asteroideae
cf. Zelkova,Indeterminable: unknown
Chamaenerion-type,Onagraceae
Chamaerops humilis,Chamaerops
Chenopodiaceae sensu stricto,Chenopodiaceae/Amaranthaceae
Cichorieae,Compositae subfam. Cichorioideae
Cichorioideae,Compositae subfam. Cichorioideae
Cichorioideae undiff.,Compositae subfam. Cichorioideae
Cichorioideae-type,Compositae subfam. Cichorioideae
Circaea lutetiana-type,Onagraceae
Cirsium/Gundelia,Compositae subfam. Asteroideae
Comandra umbellata subsp. elegans,Comandra umbellata subsp. elegans
Coniferae undiff.,Coniferae (vesiculate)
Coniferae-type,Coniferae (vesiculate)
Coniferae (saccate),Coniferae (vesiculate)
Convolvulaceae,Indeterminable: unknown
Convolvulaceae undiff.,Convolvulaceae
Coriandrum sativum,Apiaceae
Cornus suecica (thick wall),Cornus
Corrigiola litoralis-type,Corrigiola
Corrigiola telephiifolia,Corrigiola
Corrigiola telephiifolia-type,Corrigiola
Cucumis sativus,Cucumis
Dalechampia,Euphorbiaceae
Daphne laureola,Thymelaeaceae
Dipsacoideae,Dipsacaceae
Dipsacoideae undiff.,Dipsacaceae
Echium vulgare-type,Echium/Onosma
Empetrum hermaphroditum,Ericales (tetrads)
Erica ciliaris,Ericales (tetrads)
Erica|pollen|NISP,Ericales (tetrads)
Ericaceae cf. Calluna,Ericales (tetrads)
Ericaceae cf. Cassiope,Ericales (tetrads)
Erodium cicutarium-type,Erodium
Erythrina,Erythrina-type
Erythrina-type,Erythrina-type
Euphorbiaceae cf. Mercurialis,Indeterminable: unknown
Faboideae,Fabaceae
Faboideae undiff.,Fabaceae
Falcaria,Apiaceae
Fallopia cf. F. convolvulus,Polygonum-type (tricolporate)
Fedia cornucopiae,Valerianaceae
Filipendula vulgaris-type,Filipendula
Foeniculum-type,Apiaceae
Forsythia,Forsythia
Genisteae-type,Fabaceae
Gentianaceae cf. Gentianella,Gentianaceae
Geranium molle-type,Geraniaceae
Gladiolus illyricus-type,Liliaceae-type
Gypsophila arrostii,Caryophyllaceae (periporate excl. Paronychioideae)
Helianthus,Compositae subfam. Asteroideae
Hippocastanoideae,Indeterminable: unknown
Hordeum group,Poaceae
Humulus/Cannabis sativa,Cannabis/Humulus
Hyacinthoides-type,Liliaceae-type
Hypericum cf. H. elodes,Hypericum
Hystrix,delete
Hystrix (type A),delete
Hystrix (type B),delete
Illecebrum verticillatum-type,Caryophyllaceae subfam. Paronychioideae
Juniperus|pollen|NISP,Juniperus-type
Lamiaceae (tricolpate),Lamiaceae (tricolpate)
Larix|pollen|NISP,Larix/Pseudotsuga
Limonium humile-type,Plumbaginaceae
Liquidambar,Liquidambar
Liriodendron tulipifera,Liriodendron
Lithodora fruticosa-type,Boraginaceae
Logfia-type,Compositae subfam. Asteroideae
Lotus pedunculatus,Lotus-type
Lotus pedunculatus-type,Lotus-type
Malvaceae sensu stricto,Malvaceae
Malvaceae undiff.,Malvaceae
Micranthes nivalis/M. tenuis,Saxifraga
Mimulus,Mimulus-type
Morus alba-type,Urticaceae/Moraceae
Myrtus-type,Myrtaceae
Normapolles,delete
Nyssa,Nyssa
Onagraceae cf. Epilobium,Onagraceae
Paeonia,Paeonia
Paris quadrifolia-type,Liliaceae-type
Parnassia palustris-type,Parnassia palustris
Phillyrea angustifolia-type,Phillyrea
Phytolacca,Phytolacca
Picea abies|pollen|NISP,Picea
Picea|pollen|NISP,Picea
Pinguicula vulgaris-type,Pinguicula
Pinus sylvestris|pollen|NISP,Pinus
Pinus|clump|pollen|NISP|clump|pollen|NISP,Pinus
Pinus|NA|pollen|NISP|NA|pollen|NISP,Pinus
Pinus|pollen|NISP,Pinus
Plantago montana,Plantago
Plantago subulata-type,Plantago
Plantago uniflora,Plantaginaceae
Poaceae (<32 µm),Poaceae
Poaceae (>32 µm),Poaceae
Poaceae (annulus >10 µm),Poaceae
Poaceae (annulus 8-10 µm),Poaceae
Poaceae (Cerealia) cf. Secale,Poaceae
Poaceae (Cerealia-type) cf. Avena/Triticum group,Poaceae
Poaceae (Cerealia-type) cf. Hordeum group,Poaceae
Poaceae (Cerealia-type) undiff.,Poaceae
Poaceae|clump|pollen|NISP,Poaceae
Poaceae|NA|pollen|NISP,Poaceae
Poaceae|reworked|pollen|NISP,Poaceae
Polygonoideae pro parte,Polygonum-type (tricolporate)
Polygonum cf. P. aviculare,Polygonum-type (tricolporate)
Polygonum sensu lato,Polygonum-type (tricolporate)
Polygonum-type (tricolporate),Polygonum-type (tricolporate)
Primula integrifolia-type,Primula
Pseudotsuga menziesii,Larix/Pseudotsuga
Quercus faginea-type,Quercus
Rhamnaceae undiff.,Rhamnaceae
Rhododendron|pollen|NISP,Ericales (tetrads)
Rhus group,Rhus-group
Ribes alpinum-type,Ribes
Ribes undiff.,Ribes
Rosaceae (trees) undiff.,Rosaceae (non-operculate)
Rosaceae cf. Geum,Rosaceae
Rubus cf. R. idaeus,Rosaceae (non-operculate)
Rubus cf. R. saxatilis,Rosaceae (non-operculate)
Rumex acetosella/Oxyria digyna-type,Rumex/Oxyria
Rumex cf. R. longifolius,Rumex aquaticus-type
Rumex scutatus-type,Rumex/Oxyria
Rumex/Oxyria digyna undiff.,Rumex/Oxyria
Sagina procumbens-type,Caryophyllaceae (periporate excl. Paronychioideae)
Salix|clump|pollen|NISP,Salix
Salix|NA|pollen|NISP,Salix
Sarcopoterium-type,Sanguisorba-type
Saxifraga oppositifolia/S. aizoides-type,Saxifraga
Saxifraga tridactylitis-type,Saxifraga
Secale (primitive),Poaceae
Seseli,Apiaceae
Sideritis (tetracolpate),Labiatae (6)
Silene viscaria,Caryophyllaceae (periporate excl. Paronychioideae)
Silene vulgaris,Caryophyllaceae (periporate excl. Paronychioideae)
Sileneae,Caryophyllaceae (periporate excl. Paronychioideae)
Silene-type undiff.,Caryophyllaceae (periporate excl. Paronychioideae)
Simethis planifolia,Simethis mattiazzii
Smyrnium,Apiaceae
Smyrnium-type,Apiaceae
Solidago-type/Saussurea-type,Compositae subfam. Asteroideae
Spermatophyta undiff. (cf. upland herbs),Indeterminable: unknown
Spermatophyta undiff. (deciduous trees),Indeterminable: unknown
Spermatophyta undiff. (shrubs),Indeterminable: unknown
Spermatophyta undiff. (upland herbs),Indeterminable: unknown
Succisa pratensis-type,Dipsacaceae
Symplocos,Symplocos
Tordylium maximum,Tordylium maximum
Trachycarpus fortunei,Trachycarpus
Triticum spelta-type,Poaceae
Tsuga heterophylla,Tsuga
Vaccinium group,Ericales (tetrads)
Valerianella locusta-type,Valerianaceae
Valerianella-type,Valerianaceae
Valerianoideae,Valerianaceae
Vicia faba-type,Lathyrus/Vicia-type
Viola-type,Viola
Zea mays-type,Poaceae
